,Date,Action,Investment,Return,Profit,Stock Count,Total Profit,Capital
0,2010-10-04,No trade,0.0,0.0,0.0,0,0.0,50000.0
1,2010-10-05,No trade,0.0,0.0,0.0,0,0.0,50000.0
2,2010-10-06,No trade,0.0,0.0,0.0,0,0.0,50000.0
3,2010-10-07,No trade,0.0,0.0,0.0,0,0.0,50000.0
4,2010-10-08,No trade,0.0,0.0,0.0,0,0.0,50000.0
5,2010-10-11,No trade,0.0,0.0,0.0,0,0.0,50000.0
6,2010-10-12,No trade,0.0,0.0,0.0,0,0.0,50000.0
7,2010-10-13,No trade,0.0,0.0,0.0,0,0.0,50000.0
8,2010-10-14,No trade,0.0,0.0,0.0,0,0.0,50000.0
9,2010-10-15,No trade,0.0,0.0,0.0,0,0.0,50000.0
10,2010-10-18,No trade,0.0,0.0,0.0,0,0.0,50000.0
11,2010-10-19,No trade,0.0,0.0,0.0,0,0.0,50000.0
12,2010-10-20,No trade,0.0,0.0,0.0,0,0.0,50000.0
13,2010-10-21,No trade,0.0,0.0,0.0,0,0.0,50000.0
14,2010-10-22,No trade,0.0,0.0,0.0,0,0.0,50000.0
15,2010-10-25,No trade,0.0,0.0,0.0,0,0.0,50000.0
16,2010-10-26,No trade,0.0,0.0,0.0,0,0.0,50000.0
17,2010-10-27,No trade,0.0,0.0,0.0,0,0.0,50000.0
18,2010-10-28,No trade,0.0,0.0,0.0,0,0.0,50000.0
19,2010-10-29,No trade,0.0,0.0,0.0,0,0.0,50000.0
20,2010-11-01,No trade,0.0,0.0,0.0,0,0.0,50000.0
21,2010-11-02,No trade,0.0,0.0,0.0,0,0.0,50000.0
22,2010-11-03,No trade,0.0,0.0,0.0,0,0.0,50000.0
23,2010-11-04,No trade,0.0,0.0,0.0,0,0.0,50000.0
24,2010-11-08,No trade,0.0,0.0,0.0,0,0.0,50000.0
25,2010-11-09,No trade,0.0,0.0,0.0,0,0.0,50000.0
26,2010-11-10,No trade,0.0,0.0,0.0,0,0.0,50000.0
27,2010-11-11,No trade,0.0,0.0,0.0,0,0.0,50000.0
28,2010-11-12,No trade,0.0,0.0,0.0,0,0.0,50000.0
29,2010-11-15,No trade,0.0,0.0,0.0,0,0.0,50000.0
30,2010-11-16,No trade,0.0,0.0,0.0,0,0.0,50000.0
31,2010-11-18,Bought,0.0,0.0,0.0,0,0.0,50000.0
32,2010-11-19,Sold,187.85,184.15,-3.7,266,-984.2,49015.8
33,2010-11-22,No trade,0.0,0.0,0.0,0,0.0,49015.8
34,2010-11-23,No trade,0.0,0.0,0.0,0,0.0,49015.8
35,2010-11-24,Bought,0.0,0.0,0.0,0,0.0,49015.8
36,2010-11-25,Hold,0.0,0.0,0.0,0,0.0,49015.8
37,2010-11-26,Hold,0.0,0.0,0.0,0,0.0,49015.8
38,2010-11-29,Hold,0.0,0.0,0.0,0,0.0,49015.8
39,2010-11-30,Hold,0.0,0.0,0.0,0,0.0,49015.8
40,2010-12-01,Hold,0.0,0.0,0.0,0,0.0,49015.8
41,2010-12-02,Sold,178.15,182.9,4.75,275,1306.25,50322.05
42,2010-12-03,Bought,0.0,0.0,0.0,0,0.0,50322.05
43,2010-12-06,Sold,185.15,187.05,1.9,271,514.9,50836.95
44,2010-12-07,No trade,0.0,0.0,0.0,0,0.0,50836.95
45,2010-12-08,No trade,0.0,0.0,0.0,0,0.0,50836.95
46,2010-12-09,No trade,0.0,0.0,0.0,0,0.0,50836.95
47,2010-12-10,Bought,0.0,0.0,0.0,0,0.0,50836.95
48,2010-12-13,Hold,0.0,0.0,0.0,0,0.0,50836.95
49,2010-12-14,Hold,0.0,0.0,0.0,0,0.0,50836.95
50,2010-12-15,Sold,192.4,196.95,4.55,264,1201.2,52038.15
51,2010-12-16,No trade,0.0,0.0,0.0,0,0.0,52038.15
52,2010-12-20,No trade,0.0,0.0,0.0,0,0.0,52038.15
53,2010-12-21,No trade,0.0,0.0,0.0,0,0.0,52038.15
54,2010-12-22,Bought,0.0,0.0,0.0,0,0.0,52038.15
55,2010-12-23,Hold,0.0,0.0,0.0,0,0.0,52038.15
56,2010-12-24,Hold,0.0,0.0,0.0,0,0.0,52038.15
57,2010-12-27,Hold,0.0,0.0,0.0,0,0.0,52038.15
58,2010-12-28,Sold,192.8,196.5,3.7,269,995.3,53033.45
59,2010-12-29,No trade,0.0,0.0,0.0,0,0.0,53033.45
60,2010-12-30,Bought,0.0,0.0,0.0,0,0.0,53033.45
61,2010-12-31,Sold,202.25,200.65,-1.6,262,-419.2,52614.25
62,2011-01-03,No trade,0.0,0.0,0.0,0,0.0,52614.25
63,2011-01-04,No trade,0.0,0.0,0.0,0,0.0,52614.25
64,2011-01-05,No trade,0.0,0.0,0.0,0,0.0,52614.25
65,2011-01-06,Bought,0.0,0.0,0.0,0,0.0,52614.25
66,2011-01-07,Sold,202.0,197.05,-4.95,260,-1287.0,51327.25
67,2011-01-10,No trade,0.0,0.0,0.0,0,0.0,51327.25
68,2011-01-11,No trade,0.0,0.0,0.0,0,0.0,51327.25
69,2011-01-12,Bought,0.0,0.0,0.0,0,0.0,51327.25
70,2011-01-13,Sold,191.5,189.0,-2.5,268,-670.0,50657.25
71,2011-01-14,No trade,0.0,0.0,0.0,0,0.0,50657.25
72,2011-01-17,Bought,0.0,0.0,0.0,0,0.0,50657.25
73,2011-01-18,Hold,0.0,0.0,0.0,0,0.0,50657.25
74,2011-01-19,Hold,0.0,0.0,0.0,0,0.0,50657.25
75,2011-01-20,Hold,0.0,0.0,0.0,0,0.0,50657.25
76,2011-01-21,Hold,0.0,0.0,0.0,0,0.0,50657.25
77,2011-01-24,Hold,0.0,0.0,0.0,0,0.0,50657.25
78,2011-01-25,Sold,187.05,196.05,9.0,270,2430.0,53087.25
79,2011-01-27,No trade,0.0,0.0,0.0,0,0.0,53087.25
80,2011-01-28,No trade,0.0,0.0,0.0,0,0.0,53087.25
81,2011-01-31,No trade,0.0,0.0,0.0,0,0.0,53087.25
82,2011-02-01,No trade,0.0,0.0,0.0,0,0.0,53087.25
83,2011-02-02,No trade,0.0,0.0,0.0,0,0.0,53087.25
84,2011-02-03,Bought,0.0,0.0,0.0,0,0.0,53087.25
85,2011-02-04,Sold,182.3,176.95,-5.35,291,-1556.85,51530.4
86,2011-02-07,Bought,0.0,0.0,0.0,0,0.0,51530.4
87,2011-02-08,Sold,179.6,174.15,-5.45,286,-1558.7,49971.7
88,2011-02-09,No trade,0.0,0.0,0.0,0,0.0,49971.7
89,2011-02-10,No trade,0.0,0.0,0.0,0,0.0,49971.7
90,2011-02-11,Bought,0.0,0.0,0.0,0,0.0,49971.7
91,2011-02-14,Hold,0.0,0.0,0.0,0,0.0,49971.7
92,2011-02-15,Hold,0.0,0.0,0.0,0,0.0,49971.7
93,2011-02-16,Hold,0.0,0.0,0.0,0,0.0,49971.7
94,2011-02-17,Sold,176.85,180.85,4.0,282,1128.0,51099.7
95,2011-02-18,No trade,0.0,0.0,0.0,0,0.0,51099.7
96,2011-02-21,No trade,0.0,0.0,0.0,0,0.0,51099.7
97,2011-02-22,No trade,0.0,0.0,0.0,0,0.0,51099.7
98,2011-02-23,No trade,0.0,0.0,0.0,0,0.0,51099.7
99,2011-02-24,Bought,0.0,0.0,0.0,0,0.0,51099.7
100,2011-02-25,Hold,0.0,0.0,0.0,0,0.0,51099.7
101,2011-02-28,Hold,0.0,0.0,0.0,0,0.0,51099.7
102,2011-03-01,Hold,0.0,0.0,0.0,0,0.0,51099.7
103,2011-03-03,Hold,0.0,0.0,0.0,0,0.0,51099.7
104,2011-03-04,Hold,0.0,0.0,0.0,0,0.0,51099.7
105,2011-03-07,Hold,0.0,0.0,0.0,0,0.0,51099.7
106,2011-03-08,Sold,170.95,180.15,9.2,298,2741.6,53841.3
107,2011-03-09,No trade,0.0,0.0,0.0,0,0.0,53841.3
108,2011-03-10,No trade,0.0,0.0,0.0,0,0.0,53841.3
109,2011-03-11,No trade,0.0,0.0,0.0,0,0.0,53841.3
110,2011-03-14,Bought,0.0,0.0,0.0,0,0.0,53841.3
111,2011-03-15,Sold,177.95,174.9,-3.05,302,-921.1,52920.2
112,2011-03-16,Bought,0.0,0.0,0.0,0,0.0,52920.2
113,2011-03-17,Sold,177.55,175.55,-2.0,298,-596.0,52324.2
114,2011-03-18,No trade,0.0,0.0,0.0,0,0.0,52324.2
115,2011-03-21,No trade,0.0,0.0,0.0,0,0.0,52324.2
116,2011-03-22,Bought,0.0,0.0,0.0,0,0.0,52324.2
117,2011-03-23,Hold,0.0,0.0,0.0,0,0.0,52324.2
118,2011-03-24,Hold,0.0,0.0,0.0,0,0.0,52324.2
119,2011-03-25,Hold,0.0,0.0,0.0,0,0.0,52324.2
120,2011-03-28,Sold,174.35,185.2,10.85,300,3255.0,55579.2
121,2011-03-29,No trade,0.0,0.0,0.0,0,0.0,55579.2
122,2011-03-30,No trade,0.0,0.0,0.0,0,0.0,55579.2
123,2011-03-31,No trade,0.0,0.0,0.0,0,0.0,55579.2
124,2011-04-01,No trade,0.0,0.0,0.0,0,0.0,55579.2
125,2011-04-04,No trade,0.0,0.0,0.0,0,0.0,55579.2
126,2011-04-05,No trade,0.0,0.0,0.0,0,0.0,55579.2
127,2011-04-06,Bought,0.0,0.0,0.0,0,0.0,55579.2
128,2011-04-07,Sold,191.8,186.15,-5.65,289,-1632.85,53946.35
129,2011-04-08,No trade,0.0,0.0,0.0,0,0.0,53946.35
130,2011-04-11,No trade,0.0,0.0,0.0,0,0.0,53946.35
131,2011-04-13,Bought,0.0,0.0,0.0,0,0.0,53946.35
132,2011-04-15,Hold,0.0,0.0,0.0,0,0.0,53946.35
133,2011-04-18,Hold,0.0,0.0,0.0,0,0.0,53946.35
134,2011-04-19,Sold,187.8,183.8,-4.0,287,-1148.0,52798.35
135,2011-04-20,Bought,0.0,0.0,0.0,0,0.0,52798.35
136,2011-04-21,Hold,0.0,0.0,0.0,0,0.0,52798.35
137,2011-04-25,Hold,0.0,0.0,0.0,0,0.0,52798.35
138,2011-04-26,Sold,186.95,186.15,-0.8,282,-225.6,52572.75
139,2011-04-27,No trade,0.0,0.0,0.0,0,0.0,52572.75
140,2011-04-28,No trade,0.0,0.0,0.0,0,0.0,52572.75
141,2011-04-29,No trade,0.0,0.0,0.0,0,0.0,52572.75
142,2011-05-02,No trade,0.0,0.0,0.0,0,0.0,52572.75
143,2011-05-03,Bought,0.0,0.0,0.0,0,0.0,52572.75
144,2011-05-04,Hold,0.0,0.0,0.0,0,0.0,52572.75
145,2011-05-05,Hold,0.0,0.0,0.0,0,0.0,52572.75
146,2011-05-06,Hold,0.0,0.0,0.0,0,0.0,52572.75
147,2011-05-09,Sold,178.35,172.8,-5.55,294,-1631.7,50941.05
148,2011-05-10,Bought,0.0,0.0,0.0,0,0.0,50941.05
149,2011-05-11,Hold,0.0,0.0,0.0,0,0.0,50941.05
150,2011-05-12,Sold,180.55,174.5,-6.05,282,-1706.1,49234.95
151,2011-05-13,No trade,0.0,0.0,0.0,0,0.0,49234.95
152,2011-05-16,No trade,0.0,0.0,0.0,0,0.0,49234.95
153,2011-05-17,No trade,0.0,0.0,0.0,0,0.0,49234.95
154,2011-05-18,No trade,0.0,0.0,0.0,0,0.0,49234.95
155,2011-05-19,No trade,0.0,0.0,0.0,0,0.0,49234.95
156,2011-05-20,Bought,0.0,0.0,0.0,0,0.0,49234.95
157,2011-05-23,Sold,172.8,167.8,-5.0,284,-1420.0,47814.95
158,2011-05-24,No trade,0.0,0.0,0.0,0,0.0,47814.95
159,2011-05-25,No trade,0.0,0.0,0.0,0,0.0,47814.95
160,2011-05-26,Bought,0.0,0.0,0.0,0,0.0,47814.95
161,2011-05-27,Hold,0.0,0.0,0.0,0,0.0,47814.95
162,2011-05-30,Sold,170.9,167.75,-3.15,279,-878.85,46936.1
163,2011-05-31,No trade,0.0,0.0,0.0,0,0.0,46936.1
164,2011-06-01,Bought,0.0,0.0,0.0,0,0.0,46936.1
165,2011-06-02,Hold,0.0,0.0,0.0,0,0.0,46936.1
166,2011-06-03,Sold,175.05,174.05,-1.0,268,-268.0,46668.1
167,2011-06-06,No trade,0.0,0.0,0.0,0,0.0,46668.1
168,2011-06-07,No trade,0.0,0.0,0.0,0,0.0,46668.1
169,2011-06-08,Bought,0.0,0.0,0.0,0,0.0,46668.1
170,2011-06-09,Hold,0.0,0.0,0.0,0,0.0,46668.1
171,2011-06-10,Sold,175.3,176.2,0.9,266,239.4,46907.5
172,2011-06-13,Bought,0.0,0.0,0.0,0,0.0,46907.5
173,2011-06-14,Hold,0.0,0.0,0.0,0,0.0,46907.5
174,2011-06-15,Sold,180.0,177.25,-2.75,260,-715.0,46192.5
175,2011-06-16,No trade,0.0,0.0,0.0,0,0.0,46192.5
176,2011-06-17,Bought,0.0,0.0,0.0,0,0.0,46192.5
177,2011-06-20,Sold,178.9,174.65,-4.25,258,-1096.5,45096.0
178,2011-06-21,Bought,0.0,0.0,0.0,0,0.0,45096.0
179,2011-06-22,Sold,176.45,175.15,-1.3,255,-331.5,44764.5
180,2011-06-23,Bought,0.0,0.0,0.0,0,0.0,44764.5
181,2011-06-24,Hold,0.0,0.0,0.0,0,0.0,44764.5
182,2011-06-27,Hold,0.0,0.0,0.0,0,0.0,44764.5
183,2011-06-28,Hold,0.0,0.0,0.0,0,0.0,44764.5
184,2011-06-29,Sold,175.8,185.1,9.3,254,2362.2,47126.7
185,2011-06-30,No trade,0.0,0.0,0.0,0,0.0,47126.7
186,2011-07-01,No trade,0.0,0.0,0.0,0,0.0,47126.7
187,2011-07-04,No trade,0.0,0.0,0.0,0,0.0,47126.7
188,2011-07-05,No trade,0.0,0.0,0.0,0,0.0,47126.7
189,2011-07-06,Bought,0.0,0.0,0.0,0,0.0,47126.7
190,2011-07-07,Hold,0.0,0.0,0.0,0,0.0,47126.7
191,2011-07-08,Hold,0.0,0.0,0.0,0,0.0,47126.7
192,2011-07-11,Sold,185.35,189.15,3.8,254,965.2,48091.9
193,2011-07-12,No trade,0.0,0.0,0.0,0,0.0,48091.9
194,2011-07-13,Bought,0.0,0.0,0.0,0,0.0,48091.9
195,2011-07-14,Sold,190.3,189.35,-0.95,252,-239.4,47852.5
196,2011-07-15,Bought,0.0,0.0,0.0,0,0.0,47852.5
197,2011-07-18,Sold,189.85,186.1,-3.75,252,-945.0,46907.5
198,2011-07-19,Bought,0.0,0.0,0.0,0,0.0,46907.5
199,2011-07-20,Sold,188.95,185.25,-3.7,248,-917.6,45989.9
200,2011-07-21,No trade,0.0,0.0,0.0,0,0.0,45989.9
201,2011-07-22,Bought,0.0,0.0,0.0,0,0.0,45989.9
202,2011-07-25,Hold,0.0,0.0,0.0,0,0.0,45989.9
203,2011-07-26,Sold,183.2,180.35,-2.85,251,-715.35,45274.55
204,2011-07-27,Bought,0.0,0.0,0.0,0,0.0,45274.55
205,2011-07-28,Sold,180.45,176.35,-4.1,250,-1025.0,44249.55
206,2011-07-29,No trade,0.0,0.0,0.0,0,0.0,44249.55
207,2011-08-01,Bought,0.0,0.0,0.0,0,0.0,44249.55
208,2011-08-02,Hold,0.0,0.0,0.0,0,0.0,44249.55
209,2011-08-03,Hold,0.0,0.0,0.0,0,0.0,44249.55
210,2011-08-04,Sold,176.85,177.05,0.2,250,50.0,44299.55
211,2011-08-05,No trade,0.0,0.0,0.0,0,0.0,44299.55
212,2011-08-08,No trade,0.0,0.0,0.0,0,0.0,44299.55
213,2011-08-09,No trade,0.0,0.0,0.0,0,0.0,44299.55
214,2011-08-10,Bought,0.0,0.0,0.0,0,0.0,44299.55
215,2011-08-11,Hold,0.0,0.0,0.0,0,0.0,44299.55
216,2011-08-12,Hold,0.0,0.0,0.0,0,0.0,44299.55
217,2011-08-16,Sold,175.5,175.45,-0.05,252,-12.6,44286.95
218,2011-08-17,No trade,0.0,0.0,0.0,0,0.0,44286.95
219,2011-08-18,No trade,0.0,0.0,0.0,0,0.0,44286.95
220,2011-08-19,No trade,0.0,0.0,0.0,0,0.0,44286.95
221,2011-08-22,Bought,0.0,0.0,0.0,0,0.0,44286.95
222,2011-08-23,Sold,174.65,171.4,-3.25,253,-822.25,43464.7
223,2011-08-24,No trade,0.0,0.0,0.0,0,0.0,43464.7
224,2011-08-25,No trade,0.0,0.0,0.0,0,0.0,43464.7
225,2011-08-26,Bought,0.0,0.0,0.0,0,0.0,43464.7
226,2011-08-29,Hold,0.0,0.0,0.0,0,0.0,43464.7
227,2011-08-30,Hold,0.0,0.0,0.0,0,0.0,43464.7
228,2011-09-02,Sold,166.45,166.4,-0.05,261,-13.05,43451.65
229,2011-09-05,No trade,0.0,0.0,0.0,0,0.0,43451.65
230,2011-09-06,No trade,0.0,0.0,0.0,0,0.0,43451.65
231,2011-09-07,Bought,0.0,0.0,0.0,0,0.0,43451.65
232,2011-09-08,Hold,0.0,0.0,0.0,0,0.0,43451.65
233,2011-09-09,Sold,167.9,163.35,-4.55,258,-1173.9,42277.75
234,2011-09-12,No trade,0.0,0.0,0.0,0,0.0,42277.75
235,2011-09-13,No trade,0.0,0.0,0.0,0,0.0,42277.75
236,2011-09-14,Bought,0.0,0.0,0.0,0,0.0,42277.75
237,2011-09-15,Hold,0.0,0.0,0.0,0,0.0,42277.75
238,2011-09-16,Hold,0.0,0.0,0.0,0,0.0,42277.75
239,2011-09-19,Sold,164.15,168.6,4.45,257,1143.65,43421.4
240,2011-09-20,Bought,0.0,0.0,0.0,0,0.0,43421.4
241,2011-09-21,Hold,0.0,0.0,0.0,0,0.0,43421.4
242,2011-09-22,Sold,172.0,165.75,-6.25,252,-1575.0,41846.4
243,2011-09-23,No trade,0.0,0.0,0.0,0,0.0,41846.4
244,2011-09-26,No trade,0.0,0.0,0.0,0,0.0,41846.4
245,2011-09-27,Bought,0.0,0.0,0.0,0,0.0,41846.4
246,2011-09-28,Hold,0.0,0.0,0.0,0,0.0,41846.4
247,2011-09-29,Hold,0.0,0.0,0.0,0,0.0,41846.4
248,2011-09-30,Hold,0.0,0.0,0.0,0,0.0,41846.4
249,2011-10-03,Sold,165.65,164.35,-1.3,252,-327.6,41518.8
250,2011-10-04,No trade,0.0,0.0,0.0,0,0.0,41518.8
251,2011-10-05,No trade,0.0,0.0,0.0,0,0.0,41518.8
252,2011-10-07,Bought,0.0,0.0,0.0,0,0.0,41518.8
253,2011-10-10,Hold,0.0,0.0,0.0,0,0.0,41518.8
254,2011-10-11,Hold,0.0,0.0,0.0,0,0.0,41518.8
255,2011-10-12,Hold,0.0,0.0,0.0,0,0.0,41518.8
256,2011-10-13,Sold,166.9,173.5,6.6,248,1636.8,43155.6
257,2011-10-14,No trade,0.0,0.0,0.0,0,0.0,43155.6
258,2011-10-17,No trade,0.0,0.0,0.0,0,0.0,43155.6
259,2011-10-18,No trade,0.0,0.0,0.0,0,0.0,43155.6
260,2011-10-19,Bought,0.0,0.0,0.0,0,0.0,43155.6
261,2011-10-20,Hold,0.0,0.0,0.0,0,0.0,43155.6
262,2011-10-21,Sold,171.95,169.45,-2.5,250,-625.0,42530.6
263,2011-10-24,Bought,0.0,0.0,0.0,0,0.0,42530.6
264,2011-10-25,Hold,0.0,0.0,0.0,0,0.0,42530.6
265,2011-10-28,Hold,0.0,0.0,0.0,0,0.0,42530.6
266,2011-10-31,Hold,0.0,0.0,0.0,0,0.0,42530.6
267,2011-11-01,Sold,171.1,177.35,6.25,248,1550.0,44080.6
268,2011-11-02,No trade,0.0,0.0,0.0,0,0.0,44080.6
269,2011-11-03,No trade,0.0,0.0,0.0,0,0.0,44080.6
270,2011-11-04,Bought,0.0,0.0,0.0,0,0.0,44080.6
271,2011-11-08,Sold,179.35,178.15,-1.2,245,-294.0,43786.6
272,2011-11-09,No trade,0.0,0.0,0.0,0,0.0,43786.6
273,2011-11-11,No trade,0.0,0.0,0.0,0,0.0,43786.6
274,2011-11-14,No trade,0.0,0.0,0.0,0,0.0,43786.6
275,2011-11-15,Bought,0.0,0.0,0.0,0,0.0,43786.6
276,2011-11-16,Hold,0.0,0.0,0.0,0,0.0,43786.6
277,2011-11-17,Hold,0.0,0.0,0.0,0,0.0,43786.6
278,2011-11-18,Hold,0.0,0.0,0.0,0,0.0,43786.6
279,2011-11-21,Hold,0.0,0.0,0.0,0,0.0,43786.6
280,2011-11-22,Hold,0.0,0.0,0.0,0,0.0,43786.6
281,2011-11-23,Hold,0.0,0.0,0.0,0,0.0,43786.6
282,2011-11-24,Hold,0.0,0.0,0.0,0,0.0,43786.6
283,2011-11-25,Hold,0.0,0.0,0.0,0,0.0,43786.6
284,2011-11-28,Hold,0.0,0.0,0.0,0,0.0,43786.6
285,2011-11-29,Sold,170.0,158.6,-11.4,257,-2929.8,40856.8
286,2011-11-30,Bought,0.0,0.0,0.0,0,0.0,40856.8
287,2011-12-01,Sold,162.35,166.55,4.2,251,1054.2,41911.0
288,2011-12-02,No trade,0.0,0.0,0.0,0,0.0,41911.0
289,2011-12-05,No trade,0.0,0.0,0.0,0,0.0,41911.0
290,2011-12-07,No trade,0.0,0.0,0.0,0,0.0,41911.0
291,2011-12-08,No trade,0.0,0.0,0.0,0,0.0,41911.0
292,2011-12-09,No trade,0.0,0.0,0.0,0,0.0,41911.0
293,2011-12-12,No trade,0.0,0.0,0.0,0,0.0,41911.0
294,2011-12-13,Bought,0.0,0.0,0.0,0,0.0,41911.0
295,2011-12-14,Hold,0.0,0.0,0.0,0,0.0,41911.0
296,2011-12-15,Hold,0.0,0.0,0.0,0,0.0,41911.0
297,2011-12-16,Sold,166.85,160.95,-5.9,251,-1480.9,40430.1
298,2011-12-19,No trade,0.0,0.0,0.0,0,0.0,40430.1
299,2011-12-20,No trade,0.0,0.0,0.0,0,0.0,40430.1
300,2011-12-21,Bought,0.0,0.0,0.0,0,0.0,40430.1
301,2011-12-22,Hold,0.0,0.0,0.0,0,0.0,40430.1
302,2011-12-23,Sold,160.75,158.3,-2.45,251,-614.95,39815.15
303,2011-12-26,Bought,0.0,0.0,0.0,0,0.0,39815.15
304,2011-12-27,Sold,160.55,156.9,-3.65,247,-901.55,38913.6
305,2011-12-28,Bought,0.0,0.0,0.0,0,0.0,38913.6
306,2011-12-29,Hold,0.0,0.0,0.0,0,0.0,38913.6
307,2011-12-30,Hold,0.0,0.0,0.0,0,0.0,38913.6
308,2012-01-02,Sold,161.35,158.15,-3.2,241,-771.2,38142.4
309,2012-01-03,Bought,0.0,0.0,0.0,0,0.0,38142.4
310,2012-01-04,Hold,0.0,0.0,0.0,0,0.0,38142.4
311,2012-01-05,Sold,160.35,156.8,-3.55,237,-841.35,37301.05
312,2012-01-06,No trade,0.0,0.0,0.0,0,0.0,37301.05
313,2012-01-09,No trade,0.0,0.0,0.0,0,0.0,37301.05
314,2012-01-10,Bought,0.0,0.0,0.0,0,0.0,37301.05
315,2012-01-11,Hold,0.0,0.0,0.0,0,0.0,37301.05
316,2012-01-12,Hold,0.0,0.0,0.0,0,0.0,37301.05
317,2012-01-13,Hold,0.0,0.0,0.0,0,0.0,37301.05
318,2012-01-16,Sold,158.0,161.85,3.85,236,908.6,38209.65
319,2012-01-17,Bought,0.0,0.0,0.0,0,0.0,38209.65
320,2012-01-18,Sold,167.2,164.5,-2.7,228,-615.6,37594.05
321,2012-01-19,Bought,0.0,0.0,0.0,0,0.0,37594.05
322,2012-01-20,Hold,0.0,0.0,0.0,0,0.0,37594.05
323,2012-01-23,Hold,0.0,0.0,0.0,0,0.0,37594.05
324,2012-01-24,Sold,171.45,175.35,3.9,219,854.1,38448.15
325,2012-01-25,No trade,0.0,0.0,0.0,0,0.0,38448.15
326,2012-01-27,No trade,0.0,0.0,0.0,0,0.0,38448.15
327,2012-01-30,No trade,0.0,0.0,0.0,0,0.0,38448.15
328,2012-01-31,No trade,0.0,0.0,0.0,0,0.0,38448.15
329,2012-02-01,No trade,0.0,0.0,0.0,0,0.0,38448.15
330,2012-02-02,Bought,0.0,0.0,0.0,0,0.0,38448.15
331,2012-02-03,Hold,0.0,0.0,0.0,0,0.0,38448.15
332,2012-02-06,Hold,0.0,0.0,0.0,0,0.0,38448.15
333,2012-02-07,Sold,171.9,175.75,3.85,223,858.55,39306.7
334,2012-02-08,No trade,0.0,0.0,0.0,0,0.0,39306.7
335,2012-02-09,Bought,0.0,0.0,0.0,0,0.0,39306.7
336,2012-02-10,Hold,0.0,0.0,0.0,0,0.0,39306.7
337,2012-02-13,Hold,0.0,0.0,0.0,0,0.0,39306.7
338,2012-02-14,Sold,180.0,181.65,1.65,218,359.7,39666.4
339,2012-02-15,No trade,0.0,0.0,0.0,0,0.0,39666.4
340,2012-02-16,No trade,0.0,0.0,0.0,0,0.0,39666.4
341,2012-02-17,No trade,0.0,0.0,0.0,0,0.0,39666.4
342,2012-02-21,No trade,0.0,0.0,0.0,0,0.0,39666.4
343,2012-02-22,No trade,0.0,0.0,0.0,0,0.0,39666.4
344,2012-02-23,No trade,0.0,0.0,0.0,0,0.0,39666.4
345,2012-02-24,No trade,0.0,0.0,0.0,0,0.0,39666.4
346,2012-02-27,No trade,0.0,0.0,0.0,0,0.0,39666.4
347,2012-02-28,Bought,0.0,0.0,0.0,0,0.0,39666.4
348,2012-02-29,Hold,0.0,0.0,0.0,0,0.0,39666.4
349,2012-03-01,Sold,180.05,176.45,-3.6,220,-792.0,38874.4
350,2012-03-02,Bought,0.0,0.0,0.0,0,0.0,38874.4
351,2012-03-05,Sold,179.0,175.65,-3.35,217,-726.95,38147.45
352,2012-03-06,No trade,0.0,0.0,0.0,0,0.0,38147.45
353,2012-03-07,No trade,0.0,0.0,0.0,0,0.0,38147.45
354,2012-03-09,Bought,0.0,0.0,0.0,0,0.0,38147.45
355,2012-03-12,Hold,0.0,0.0,0.0,0,0.0,38147.45
356,2012-03-13,Hold,0.0,0.0,0.0,0,0.0,38147.45
357,2012-03-14,Hold,0.0,0.0,0.0,0,0.0,38147.45
358,2012-03-15,Hold,0.0,0.0,0.0,0,0.0,38147.45
359,2012-03-16,Sold,173.65,172.35,-1.3,219,-284.7,37862.75
360,2012-03-19,No trade,0.0,0.0,0.0,0,0.0,37862.75
361,2012-03-20,No trade,0.0,0.0,0.0,0,0.0,37862.75
362,2012-03-21,Bought,0.0,0.0,0.0,0,0.0,37862.75
363,2012-03-22,Sold,175.8,171.25,-4.55,215,-978.25,36884.5
364,2012-03-23,No trade,0.0,0.0,0.0,0,0.0,36884.5
365,2012-03-26,No trade,0.0,0.0,0.0,0,0.0,36884.5
366,2012-03-27,No trade,0.0,0.0,0.0,0,0.0,36884.5
367,2012-03-28,Bought,0.0,0.0,0.0,0,0.0,36884.5
368,2012-03-29,Hold,0.0,0.0,0.0,0,0.0,36884.5
369,2012-03-30,Hold,0.0,0.0,0.0,0,0.0,36884.5
370,2012-04-02,Hold,0.0,0.0,0.0,0,0.0,36884.5
371,2012-04-03,Hold,0.0,0.0,0.0,0,0.0,36884.5
372,2012-04-04,Hold,0.0,0.0,0.0,0,0.0,36884.5
373,2012-04-09,Sold,161.6,163.05,1.45,228,330.6,37215.1
374,2012-04-10,No trade,0.0,0.0,0.0,0,0.0,37215.1
375,2012-04-11,Bought,0.0,0.0,0.0,0,0.0,37215.1
376,2012-04-12,Hold,0.0,0.0,0.0,0,0.0,37215.1
377,2012-04-13,Hold,0.0,0.0,0.0,0,0.0,37215.1
378,2012-04-16,Sold,165.35,165.5,0.15,225,33.75,37248.85
379,2012-04-17,Bought,0.0,0.0,0.0,0,0.0,37248.85
380,2012-04-18,Hold,0.0,0.0,0.0,0,0.0,37248.85
381,2012-04-19,Hold,0.0,0.0,0.0,0,0.0,37248.85
382,2012-04-20,Sold,167.5,165.25,-2.25,222,-499.5,36749.35
383,2012-04-23,No trade,0.0,0.0,0.0,0,0.0,36749.35
384,2012-04-24,Bought,0.0,0.0,0.0,0,0.0,36749.35
385,2012-04-25,Sold,167.3,164.9,-2.4,219,-525.6,36223.75
386,2012-04-26,No trade,0.0,0.0,0.0,0,0.0,36223.75
387,2012-04-27,Bought,0.0,0.0,0.0,0,0.0,36223.75
388,2012-04-30,Hold,0.0,0.0,0.0,0,0.0,36223.75
389,2012-05-02,Sold,161.9,159.85,-2.05,223,-457.15,35766.6
390,2012-05-03,No trade,0.0,0.0,0.0,0,0.0,35766.6
391,2012-05-04,No trade,0.0,0.0,0.0,0,0.0,35766.6
392,2012-05-07,Bought,0.0,0.0,0.0,0,0.0,35766.6
393,2012-05-08,Hold,0.0,0.0,0.0,0,0.0,35766.6
394,2012-05-09,Sold,156.15,151.45,-4.7,229,-1076.3,34690.3
395,2012-05-10,No trade,0.0,0.0,0.0,0,0.0,34690.3
396,2012-05-11,No trade,0.0,0.0,0.0,0,0.0,34690.3
397,2012-05-14,No trade,0.0,0.0,0.0,0,0.0,34690.3
398,2012-05-15,Bought,0.0,0.0,0.0,0,0.0,34690.3
399,2012-05-16,Hold,0.0,0.0,0.0,0,0.0,34690.3
400,2012-05-17,Hold,0.0,0.0,0.0,0,0.0,34690.3
401,2012-05-18,Hold,0.0,0.0,0.0,0,0.0,34690.3
402,2012-05-21,Hold,0.0,0.0,0.0,0,0.0,34690.3
403,2012-05-22,Sold,143.4,141.35,-2.05,241,-494.05,34196.25
404,2012-05-23,No trade,0.0,0.0,0.0,0,0.0,34196.25
405,2012-05-24,Bought,0.0,0.0,0.0,0,0.0,34196.25
406,2012-05-25,Hold,0.0,0.0,0.0,0,0.0,34196.25
407,2012-05-28,Hold,0.0,0.0,0.0,0,0.0,34196.25
408,2012-05-29,Hold,0.0,0.0,0.0,0,0.0,34196.25
409,2012-05-30,Sold,142.1,145.25,3.15,240,756.0,34952.25
410,2012-05-31,No trade,0.0,0.0,0.0,0,0.0,34952.25
411,2012-06-01,No trade,0.0,0.0,0.0,0,0.0,34952.25
412,2012-06-04,No trade,0.0,0.0,0.0,0,0.0,34952.25
413,2012-06-05,Bought,0.0,0.0,0.0,0,0.0,34952.25
414,2012-06-06,Hold,0.0,0.0,0.0,0,0.0,34952.25
415,2012-06-07,Hold,0.0,0.0,0.0,0,0.0,34952.25
416,2012-06-08,Hold,0.0,0.0,0.0,0,0.0,34952.25
417,2012-06-11,Sold,146.95,155.1,8.15,237,1931.55,36883.8
418,2012-06-12,Bought,0.0,0.0,0.0,0,0.0,36883.8
419,2012-06-13,Sold,157.65,154.3,-3.35,233,-780.55,36103.25
420,2012-06-14,No trade,0.0,0.0,0.0,0,0.0,36103.25
421,2012-06-15,Bought,0.0,0.0,0.0,0,0.0,36103.25
422,2012-06-18,Hold,0.0,0.0,0.0,0,0.0,36103.25
423,2012-06-19,Hold,0.0,0.0,0.0,0,0.0,36103.25
424,2012-06-20,Hold,0.0,0.0,0.0,0,0.0,36103.25
425,2012-06-21,Hold,0.0,0.0,0.0,0,0.0,36103.25
426,2012-06-22,Hold,0.0,0.0,0.0,0,0.0,36103.25
427,2012-06-25,Hold,0.0,0.0,0.0,0,0.0,36103.25
428,2012-06-26,Sold,150.2,153.7,3.5,240,840.0,36943.25
429,2012-06-27,No trade,0.0,0.0,0.0,0,0.0,36943.25
430,2012-06-28,No trade,0.0,0.0,0.0,0,0.0,36943.25
431,2012-06-29,No trade,0.0,0.0,0.0,0,0.0,36943.25
432,2012-07-02,No trade,0.0,0.0,0.0,0,0.0,36943.25
433,2012-07-03,No trade,0.0,0.0,0.0,0,0.0,36943.25
434,2012-07-04,No trade,0.0,0.0,0.0,0,0.0,36943.25
435,2012-07-05,Bought,0.0,0.0,0.0,0,0.0,36943.25
436,2012-07-06,Sold,161.6,160.85,-0.75,228,-171.0,36772.25
437,2012-07-09,No trade,0.0,0.0,0.0,0,0.0,36772.25
438,2012-07-10,No trade,0.0,0.0,0.0,0,0.0,36772.25
439,2012-07-11,Bought,0.0,0.0,0.0,0,0.0,36772.25
440,2012-07-12,Hold,0.0,0.0,0.0,0,0.0,36772.25
441,2012-07-13,Hold,0.0,0.0,0.0,0,0.0,36772.25
442,2012-07-16,Sold,160.15,158.8,-1.35,229,-309.15,36463.1
443,2012-07-17,No trade,0.0,0.0,0.0,0,0.0,36463.1
444,2012-07-18,No trade,0.0,0.0,0.0,0,0.0,36463.1
445,2012-07-19,Bought,0.0,0.0,0.0,0,0.0,36463.1
446,2012-07-20,Hold,0.0,0.0,0.0,0,0.0,36463.1
447,2012-07-23,Hold,0.0,0.0,0.0,0,0.0,36463.1
448,2012-07-24,Hold,0.0,0.0,0.0,0,0.0,36463.1
449,2012-07-25,Hold,0.0,0.0,0.0,0,0.0,36463.1
450,2012-07-26,Hold,0.0,0.0,0.0,0,0.0,36463.1
451,2012-07-27,Hold,0.0,0.0,0.0,0,0.0,36463.1
452,2012-07-30,Hold,0.0,0.0,0.0,0,0.0,36463.1
453,2012-07-31,Hold,0.0,0.0,0.0,0,0.0,36463.1
454,2012-08-01,Sold,157.1,157.5,0.4,232,92.8,36555.9
455,2012-08-02,No trade,0.0,0.0,0.0,0,0.0,36555.9
456,2012-08-03,No trade,0.0,0.0,0.0,0,0.0,36555.9
457,2012-08-06,No trade,0.0,0.0,0.0,0,0.0,36555.9
458,2012-08-07,Bought,0.0,0.0,0.0,0,0.0,36555.9
459,2012-08-08,Hold,0.0,0.0,0.0,0,0.0,36555.9
460,2012-08-09,Hold,0.0,0.0,0.0,0,0.0,36555.9
461,2012-08-10,Sold,167.35,171.95,4.6,218,1002.8,37558.7
462,2012-08-13,No trade,0.0,0.0,0.0,0,0.0,37558.7
463,2012-08-14,No trade,0.0,0.0,0.0,0,0.0,37558.7
464,2012-08-16,No trade,0.0,0.0,0.0,0,0.0,37558.7
465,2012-08-17,No trade,0.0,0.0,0.0,0,0.0,37558.7
466,2012-08-21,Bought,0.0,0.0,0.0,0,0.0,37558.7
467,2012-08-22,Sold,173.75,171.4,-2.35,216,-507.6,37051.1
468,2012-08-23,No trade,0.0,0.0,0.0,0,0.0,37051.1
469,2012-08-24,No trade,0.0,0.0,0.0,0,0.0,37051.1
470,2012-08-27,Bought,0.0,0.0,0.0,0,0.0,37051.1
471,2012-08-28,Hold,0.0,0.0,0.0,0,0.0,37051.1
472,2012-08-29,Hold,0.0,0.0,0.0,0,0.0,37051.1
473,2012-08-30,Sold,168.95,171.45,2.5,219,547.5,37598.6
474,2012-08-31,No trade,0.0,0.0,0.0,0,0.0,37598.6
475,2012-09-03,No trade,0.0,0.0,0.0,0,0.0,37598.6
476,2012-09-04,Bought,0.0,0.0,0.0,0,0.0,37598.6
477,2012-09-05,Sold,170.35,168.55,-1.8,220,-396.0,37202.6
478,2012-09-06,Bought,0.0,0.0,0.0,0,0.0,37202.6
479,2012-09-07,Hold,0.0,0.0,0.0,0,0.0,37202.6
480,2012-09-10,Hold,0.0,0.0,0.0,0,0.0,37202.6
481,2012-09-11,Hold,0.0,0.0,0.0,0,0.0,37202.6
482,2012-09-12,Sold,171.5,170.65,-0.85,216,-183.6,37019.0
483,2012-09-13,No trade,0.0,0.0,0.0,0,0.0,37019.0
484,2012-09-14,No trade,0.0,0.0,0.0,0,0.0,37019.0
485,2012-09-17,Bought,0.0,0.0,0.0,0,0.0,37019.0
486,2012-09-18,Sold,169.0,166.35,-2.65,219,-580.35,36438.65
487,2012-09-20,Bought,0.0,0.0,0.0,0,0.0,36438.65
488,2012-09-21,Hold,0.0,0.0,0.0,0,0.0,36438.65
489,2012-09-24,Hold,0.0,0.0,0.0,0,0.0,36438.65
490,2012-09-25,Sold,164.1,164.95,0.85,222,188.7,36627.35
491,2012-09-26,No trade,0.0,0.0,0.0,0,0.0,36627.35
492,2012-09-27,No trade,0.0,0.0,0.0,0,0.0,36627.35
493,2012-09-28,Bought,0.0,0.0,0.0,0,0.0,36627.35
494,2012-10-01,Hold,0.0,0.0,0.0,0,0.0,36627.35
495,2012-10-03,Hold,0.0,0.0,0.0,0,0.0,36627.35
496,2012-10-04,Hold,0.0,0.0,0.0,0,0.0,36627.35
497,2012-10-05,Sold,168.1,171.05,2.95,217,640.15,37267.5
498,2012-10-08,No trade,0.0,0.0,0.0,0,0.0,37267.5
499,2012-10-09,No trade,0.0,0.0,0.0,0,0.0,37267.5
500,2012-10-10,No trade,0.0,0.0,0.0,0,0.0,37267.5
501,2012-10-11,Bought,0.0,0.0,0.0,0,0.0,37267.5
502,2012-10-12,Hold,0.0,0.0,0.0,0,0.0,37267.5
503,2012-10-15,Hold,0.0,0.0,0.0,0,0.0,37267.5
504,2012-10-16,Hold,0.0,0.0,0.0,0,0.0,37267.5
505,2012-10-17,Hold,0.0,0.0,0.0,0,0.0,37267.5
506,2012-10-18,Sold,167.85,168.7,0.85,222,188.7,37456.2
507,2012-10-19,No trade,0.0,0.0,0.0,0,0.0,37456.2
508,2012-10-22,Bought,0.0,0.0,0.0,0,0.0,37456.2
509,2012-10-23,Hold,0.0,0.0,0.0,0,0.0,37456.2
510,2012-10-25,Hold,0.0,0.0,0.0,0,0.0,37456.2
511,2012-10-29,Sold,169.15,167.75,-1.4,221,-309.4,37146.8
512,2012-10-30,No trade,0.0,0.0,0.0,0,0.0,37146.8
513,2012-10-31,No trade,0.0,0.0,0.0,0,0.0,37146.8
514,2012-11-01,No trade,0.0,0.0,0.0,0,0.0,37146.8
515,2012-11-02,Bought,0.0,0.0,0.0,0,0.0,37146.8
516,2012-11-05,Hold,0.0,0.0,0.0,0,0.0,37146.8
517,2012-11-06,Hold,0.0,0.0,0.0,0,0.0,37146.8
518,2012-11-07,Hold,0.0,0.0,0.0,0,0.0,37146.8
519,2012-11-08,Sold,168.15,170.0,1.85,220,407.0,37553.8
520,2012-11-09,No trade,0.0,0.0,0.0,0,0.0,37553.8
521,2012-11-12,No trade,0.0,0.0,0.0,0,0.0,37553.8
522,2012-11-15,No trade,0.0,0.0,0.0,0,0.0,37553.8
523,2012-11-16,No trade,0.0,0.0,0.0,0,0.0,37553.8
524,2012-11-19,Bought,0.0,0.0,0.0,0,0.0,37553.8
525,2012-11-20,Hold,0.0,0.0,0.0,0,0.0,37553.8
526,2012-11-21,Sold,168.35,162.0,-6.35,223,-1416.05,36137.75
527,2012-11-22,No trade,0.0,0.0,0.0,0,0.0,36137.75
528,2012-11-23,No trade,0.0,0.0,0.0,0,0.0,36137.75
529,2012-11-26,No trade,0.0,0.0,0.0,0,0.0,36137.75
530,2012-11-27,No trade,0.0,0.0,0.0,0,0.0,36137.75
531,2012-11-29,Bought,0.0,0.0,0.0,0,0.0,36137.75
532,2012-11-30,Hold,0.0,0.0,0.0,0,0.0,36137.75
533,2012-12-03,Sold,160.6,160.45,-0.15,225,-33.75,36104.0
534,2012-12-04,No trade,0.0,0.0,0.0,0,0.0,36104.0
535,2012-12-05,No trade,0.0,0.0,0.0,0,0.0,36104.0
536,2012-12-06,Bought,0.0,0.0,0.0,0,0.0,36104.0
537,2012-12-07,Hold,0.0,0.0,0.0,0,0.0,36104.0
538,2012-12-10,Sold,161.1,156.9,-4.2,224,-940.8,35163.2
539,2012-12-11,No trade,0.0,0.0,0.0,0,0.0,35163.2
540,2012-12-12,No trade,0.0,0.0,0.0,0,0.0,35163.2
541,2012-12-13,No trade,0.0,0.0,0.0,0,0.0,35163.2
542,2012-12-14,Bought,0.0,0.0,0.0,0,0.0,35163.2
543,2012-12-17,Hold,0.0,0.0,0.0,0,0.0,35163.2
544,2012-12-18,Hold,0.0,0.0,0.0,0,0.0,35163.2
545,2012-12-19,Sold,152.8,154.75,1.95,230,448.5,35611.7
546,2012-12-20,No trade,0.0,0.0,0.0,0,0.0,35611.7
547,2012-12-21,No trade,0.0,0.0,0.0,0,0.0,35611.7
548,2012-12-24,Bought,0.0,0.0,0.0,0,0.0,35611.7
549,2012-12-26,Hold,0.0,0.0,0.0,0,0.0,35611.7
550,2012-12-27,Hold,0.0,0.0,0.0,0,0.0,35611.7
551,2012-12-28,Hold,0.0,0.0,0.0,0,0.0,35611.7
552,2012-12-31,Sold,154.3,156.45,2.15,230,494.5,36106.2
553,2013-01-01,No trade,0.0,0.0,0.0,0,0.0,36106.2
554,2013-01-02,Bought,0.0,0.0,0.0,0,0.0,36106.2
555,2013-01-03,Hold,0.0,0.0,0.0,0,0.0,36106.2
556,2013-01-04,Hold,0.0,0.0,0.0,0,0.0,36106.2
557,2013-01-07,Sold,157.5,157.6,0.1,229,22.9,36129.1
558,2013-01-08,No trade,0.0,0.0,0.0,0,0.0,36129.1
559,2013-01-09,No trade,0.0,0.0,0.0,0,0.0,36129.1
560,2013-01-10,No trade,0.0,0.0,0.0,0,0.0,36129.1
561,2013-01-11,Bought,0.0,0.0,0.0,0,0.0,36129.1
562,2013-01-14,Hold,0.0,0.0,0.0,0,0.0,36129.1
563,2013-01-15,Hold,0.0,0.0,0.0,0,0.0,36129.1
564,2013-01-16,Hold,0.0,0.0,0.0,0,0.0,36129.1
565,2013-01-17,Hold,0.0,0.0,0.0,0,0.0,36129.1
566,2013-01-18,Sold,152.7,164.5,11.8,236,2784.8,38913.9
567,2013-01-21,No trade,0.0,0.0,0.0,0,0.0,38913.9
568,2013-01-22,No trade,0.0,0.0,0.0,0,0.0,38913.9
569,2013-01-23,No trade,0.0,0.0,0.0,0,0.0,38913.9
570,2013-01-24,No trade,0.0,0.0,0.0,0,0.0,38913.9
571,2013-01-25,No trade,0.0,0.0,0.0,0,0.0,38913.9
572,2013-01-28,No trade,0.0,0.0,0.0,0,0.0,38913.9
573,2013-01-29,Bought,0.0,0.0,0.0,0,0.0,38913.9
574,2013-01-30,Hold,0.0,0.0,0.0,0,0.0,38913.9
575,2013-01-31,Hold,0.0,0.0,0.0,0,0.0,38913.9
576,2013-02-01,Hold,0.0,0.0,0.0,0,0.0,38913.9
577,2013-02-04,Sold,157.3,155.55,-1.75,247,-432.25,38481.65
578,2013-02-05,No trade,0.0,0.0,0.0,0,0.0,38481.65
579,2013-02-06,No trade,0.0,0.0,0.0,0,0.0,38481.65
580,2013-02-07,No trade,0.0,0.0,0.0,0,0.0,38481.65
581,2013-02-08,Bought,0.0,0.0,0.0,0,0.0,38481.65
582,2013-02-11,Hold,0.0,0.0,0.0,0,0.0,38481.65
583,2013-02-12,Hold,0.0,0.0,0.0,0,0.0,38481.65
584,2013-02-13,Hold,0.0,0.0,0.0,0,0.0,38481.65
585,2013-02-14,Hold,0.0,0.0,0.0,0,0.0,38481.65
586,2013-02-15,Hold,0.0,0.0,0.0,0,0.0,38481.65
587,2013-02-18,Sold,148.05,151.1,3.05,259,789.95,39271.6
588,2013-02-19,No trade,0.0,0.0,0.0,0,0.0,39271.6
589,2013-02-20,No trade,0.0,0.0,0.0,0,0.0,39271.6
590,2013-02-21,No trade,0.0,0.0,0.0,0,0.0,39271.6
591,2013-02-22,No trade,0.0,0.0,0.0,0,0.0,39271.6
592,2013-02-25,No trade,0.0,0.0,0.0,0,0.0,39271.6
593,2013-02-26,Bought,0.0,0.0,0.0,0,0.0,39271.6
594,2013-02-27,Hold,0.0,0.0,0.0,0,0.0,39271.6
595,2013-02-28,Sold,151.0,150.9,-0.1,260,-26.0,39245.6
596,2013-03-01,No trade,0.0,0.0,0.0,0,0.0,39245.6
597,2013-03-04,No trade,0.0,0.0,0.0,0,0.0,39245.6
598,2013-03-05,No trade,0.0,0.0,0.0,0,0.0,39245.6
599,2013-03-06,No trade,0.0,0.0,0.0,0,0.0,39245.6
600,2013-03-07,Bought,0.0,0.0,0.0,0,0.0,39245.6
601,2013-03-08,Hold,0.0,0.0,0.0,0,0.0,39245.6
602,2013-03-11,Hold,0.0,0.0,0.0,0,0.0,39245.6
603,2013-03-12,Sold,148.15,147.8,-0.35,264,-92.4,39153.2
604,2013-03-13,No trade,0.0,0.0,0.0,0,0.0,39153.2
605,2013-03-14,No trade,0.0,0.0,0.0,0,0.0,39153.2
606,2013-03-15,No trade,0.0,0.0,0.0,0,0.0,39153.2
607,2013-03-18,No trade,0.0,0.0,0.0,0,0.0,39153.2
608,2013-03-19,Bought,0.0,0.0,0.0,0,0.0,39153.2
609,2013-03-20,Hold,0.0,0.0,0.0,0,0.0,39153.2
610,2013-03-21,Hold,0.0,0.0,0.0,0,0.0,39153.2
611,2013-03-22,Hold,0.0,0.0,0.0,0,0.0,39153.2
612,2013-03-25,Hold,0.0,0.0,0.0,0,0.0,39153.2
613,2013-03-26,Hold,0.0,0.0,0.0,0,0.0,39153.2
614,2013-03-28,Hold,0.0,0.0,0.0,0,0.0,39153.2
615,2013-04-01,Hold,0.0,0.0,0.0,0,0.0,39153.2
616,2013-04-02,Sold,144.3,144.1,-0.2,271,-54.2,39099.0
617,2013-04-03,No trade,0.0,0.0,0.0,0,0.0,39099.0
618,2013-04-04,No trade,0.0,0.0,0.0,0,0.0,39099.0
619,2013-04-05,No trade,0.0,0.0,0.0,0,0.0,39099.0
620,2013-04-08,No trade,0.0,0.0,0.0,0,0.0,39099.0
621,2013-04-09,Bought,0.0,0.0,0.0,0,0.0,39099.0
622,2013-04-10,Hold,0.0,0.0,0.0,0,0.0,39099.0
623,2013-04-11,Sold,141.55,140.25,-1.3,276,-358.8,38740.2
624,2013-04-12,Bought,0.0,0.0,0.0,0,0.0,38740.2
625,2013-04-15,Hold,0.0,0.0,0.0,0,0.0,38740.2
626,2013-04-16,Hold,0.0,0.0,0.0,0,0.0,38740.2
627,2013-04-17,Hold,0.0,0.0,0.0,0,0.0,38740.2
628,2013-04-18,Hold,0.0,0.0,0.0,0,0.0,38740.2
629,2013-04-22,Sold,140.6,148.95,8.35,275,2296.25,41036.45
630,2013-04-23,No trade,0.0,0.0,0.0,0,0.0,41036.45
631,2013-04-25,No trade,0.0,0.0,0.0,0,0.0,41036.45
632,2013-04-26,No trade,0.0,0.0,0.0,0,0.0,41036.45
633,2013-04-29,Bought,0.0,0.0,0.0,0,0.0,41036.45
634,2013-04-30,Hold,0.0,0.0,0.0,0,0.0,41036.45
635,2013-05-02,Sold,156.0,160.25,4.25,263,1117.75,42154.2
636,2013-05-03,No trade,0.0,0.0,0.0,0,0.0,42154.2
637,2013-05-06,No trade,0.0,0.0,0.0,0,0.0,42154.2
638,2013-05-07,No trade,0.0,0.0,0.0,0,0.0,42154.2
639,2013-05-08,No trade,0.0,0.0,0.0,0,0.0,42154.2
640,2013-05-09,Bought,0.0,0.0,0.0,0,0.0,42154.2
641,2013-05-10,Hold,0.0,0.0,0.0,0,0.0,42154.2
642,2013-05-13,Hold,0.0,0.0,0.0,0,0.0,42154.2
643,2013-05-14,Hold,0.0,0.0,0.0,0,0.0,42154.2
644,2013-05-15,Hold,0.0,0.0,0.0,0,0.0,42154.2
645,2013-05-16,Hold,0.0,0.0,0.0,0,0.0,42154.2
646,2013-05-17,Hold,0.0,0.0,0.0,0,0.0,42154.2
647,2013-05-20,Hold,0.0,0.0,0.0,0,0.0,42154.2
648,2013-05-21,Sold,156.3,152.3,-4.0,269,-1076.0,41078.2
649,2013-05-22,No trade,0.0,0.0,0.0,0,0.0,41078.2
650,2013-05-23,No trade,0.0,0.0,0.0,0,0.0,41078.2
651,2013-05-24,Bought,0.0,0.0,0.0,0,0.0,41078.2
652,2013-05-27,Hold,0.0,0.0,0.0,0,0.0,41078.2
653,2013-05-28,Hold,0.0,0.0,0.0,0,0.0,41078.2
654,2013-05-29,Hold,0.0,0.0,0.0,0,0.0,41078.2
655,2013-05-30,Hold,0.0,0.0,0.0,0,0.0,41078.2
656,2013-05-31,Sold,150.0,154.2,4.2,273,1146.6,42224.8
657,2013-06-03,No trade,0.0,0.0,0.0,0,0.0,42224.8
658,2013-06-04,Bought,0.0,0.0,0.0,0,0.0,42224.8
659,2013-06-05,Hold,0.0,0.0,0.0,0,0.0,42224.8
660,2013-06-06,Sold,154.05,150.75,-3.3,274,-904.2,41320.6
661,2013-06-07,No trade,0.0,0.0,0.0,0,0.0,41320.6
662,2013-06-10,Bought,0.0,0.0,0.0,0,0.0,41320.6
663,2013-06-11,Hold,0.0,0.0,0.0,0,0.0,41320.6
664,2013-06-12,Hold,0.0,0.0,0.0,0,0.0,41320.6
665,2013-06-13,Sold,150.05,149.7,-0.35,275,-96.25,41224.35
666,2013-06-14,Bought,0.0,0.0,0.0,0,0.0,41224.35
667,2013-06-17,Sold,152.0,150.65,-1.35,271,-365.85,40858.5
668,2013-06-18,No trade,0.0,0.0,0.0,0,0.0,40858.5
669,2013-06-19,No trade,0.0,0.0,0.0,0,0.0,40858.5
670,2013-06-20,No trade,0.0,0.0,0.0,0,0.0,40858.5
671,2013-06-21,Bought,0.0,0.0,0.0,0,0.0,40858.5
672,2013-06-24,Hold,0.0,0.0,0.0,0,0.0,40858.5
673,2013-06-25,Sold,143.0,138.05,-4.95,285,-1410.75,39447.75
674,2013-06-26,Bought,0.0,0.0,0.0,0,0.0,39447.75
675,2013-06-27,Hold,0.0,0.0,0.0,0,0.0,39447.75
676,2013-06-28,Hold,0.0,0.0,0.0,0,0.0,39447.75
677,2013-07-01,Hold,0.0,0.0,0.0,0,0.0,39447.75
678,2013-07-02,Sold,141.3,145.6,4.3,279,1199.7,40647.45
679,2013-07-03,No trade,0.0,0.0,0.0,0,0.0,40647.45
680,2013-07-04,No trade,0.0,0.0,0.0,0,0.0,40647.45
681,2013-07-05,No trade,0.0,0.0,0.0,0,0.0,40647.45
682,2013-07-08,No trade,0.0,0.0,0.0,0,0.0,40647.45
683,2013-07-09,Bought,0.0,0.0,0.0,0,0.0,40647.45
684,2013-07-10,Hold,0.0,0.0,0.0,0,0.0,40647.45
685,2013-07-11,Hold,0.0,0.0,0.0,0,0.0,40647.45
686,2013-07-12,Hold,0.0,0.0,0.0,0,0.0,40647.45
687,2013-07-15,Sold,142.3,142.35,0.05,285,14.25,40661.7
688,2013-07-16,No trade,0.0,0.0,0.0,0,0.0,40661.7
689,2013-07-17,Bought,0.0,0.0,0.0,0,0.0,40661.7
690,2013-07-18,Hold,0.0,0.0,0.0,0,0.0,40661.7
691,2013-07-19,Sold,147.55,143.7,-3.85,275,-1058.75,39602.95
692,2013-07-22,No trade,0.0,0.0,0.0,0,0.0,39602.95
693,2013-07-23,No trade,0.0,0.0,0.0,0,0.0,39602.95
694,2013-07-24,No trade,0.0,0.0,0.0,0,0.0,39602.95
695,2013-07-25,Bought,0.0,0.0,0.0,0,0.0,39602.95
696,2013-07-26,Hold,0.0,0.0,0.0,0,0.0,39602.95
697,2013-07-29,Hold,0.0,0.0,0.0,0,0.0,39602.95
698,2013-07-30,Sold,140.25,137.7,-2.55,282,-719.1,38883.85
699,2013-07-31,No trade,0.0,0.0,0.0,0,0.0,38883.85
700,2013-08-01,No trade,0.0,0.0,0.0,0,0.0,38883.85
701,2013-08-02,No trade,0.0,0.0,0.0,0,0.0,38883.85
702,2013-08-05,Bought,0.0,0.0,0.0,0,0.0,38883.85
703,2013-08-06,Hold,0.0,0.0,0.0,0,0.0,38883.85
704,2013-08-07,Hold,0.0,0.0,0.0,0,0.0,38883.85
705,2013-08-08,Hold,0.0,0.0,0.0,0,0.0,38883.85
706,2013-08-12,Sold,135.25,138.35,3.1,287,889.7,39773.55
707,2013-08-13,No trade,0.0,0.0,0.0,0,0.0,39773.55
708,2013-08-14,No trade,0.0,0.0,0.0,0,0.0,39773.55
709,2013-08-16,No trade,0.0,0.0,0.0,0,0.0,39773.55
710,2013-08-19,No trade,0.0,0.0,0.0,0,0.0,39773.55
711,2013-08-20,No trade,0.0,0.0,0.0,0,0.0,39773.55
712,2013-08-21,No trade,0.0,0.0,0.0,0,0.0,39773.55
713,2013-08-22,Bought,0.0,0.0,0.0,0,0.0,39773.55
714,2013-08-23,Hold,0.0,0.0,0.0,0,0.0,39773.55
715,2013-08-26,Hold,0.0,0.0,0.0,0,0.0,39773.55
716,2013-08-27,Sold,131.15,124.45,-6.7,303,-2030.1,37743.45
717,2013-08-28,Bought,0.0,0.0,0.0,0,0.0,37743.45
718,2013-08-29,Hold,0.0,0.0,0.0,0,0.0,37743.45
719,2013-08-30,Hold,0.0,0.0,0.0,0,0.0,37743.45
720,2013-09-02,Hold,0.0,0.0,0.0,0,0.0,37743.45
721,2013-09-03,Sold,126.3,128.05,1.75,298,521.5,38264.95
722,2013-09-04,Bought,0.0,0.0,0.0,0,0.0,38264.95
723,2013-09-05,Hold,0.0,0.0,0.0,0,0.0,38264.95
724,2013-09-06,Hold,0.0,0.0,0.0,0,0.0,38264.95
725,2013-09-10,Hold,0.0,0.0,0.0,0,0.0,38264.95
726,2013-09-11,Sold,130.0,137.6,7.6,294,2234.4,40499.35
727,2013-09-12,Bought,0.0,0.0,0.0,0,0.0,40499.35
728,2013-09-13,Hold,0.0,0.0,0.0,0,0.0,40499.35
729,2013-09-16,Hold,0.0,0.0,0.0,0,0.0,40499.35
730,2013-09-17,Sold,139.45,140.15,0.7,290,203.0,40702.35
731,2013-09-18,Bought,0.0,0.0,0.0,0,0.0,40702.35
732,2013-09-19,Hold,0.0,0.0,0.0,0,0.0,40702.35
733,2013-09-20,Hold,0.0,0.0,0.0,0,0.0,40702.35
734,2013-09-23,Sold,144.9,142.8,-2.1,280,-588.0,40114.35
735,2013-09-24,No trade,0.0,0.0,0.0,0,0.0,40114.35
736,2013-09-25,Bought,0.0,0.0,0.0,0,0.0,40114.35
737,2013-09-26,Hold,0.0,0.0,0.0,0,0.0,40114.35
738,2013-09-27,Sold,149.0,147.95,-1.05,269,-282.45,39831.9
739,2013-09-30,No trade,0.0,0.0,0.0,0,0.0,39831.9
740,2013-10-01,No trade,0.0,0.0,0.0,0,0.0,39831.9
741,2013-10-03,No trade,0.0,0.0,0.0,0,0.0,39831.9
742,2013-10-04,No trade,0.0,0.0,0.0,0,0.0,39831.9
743,2013-10-07,Bought,0.0,0.0,0.0,0,0.0,39831.9
744,2013-10-08,Hold,0.0,0.0,0.0,0,0.0,39831.9
745,2013-10-09,Hold,0.0,0.0,0.0,0,0.0,39831.9
746,2013-10-10,Hold,0.0,0.0,0.0,0,0.0,39831.9
747,2013-10-11,Sold,142.25,144.05,1.8,280,504.0,40335.9
748,2013-10-14,No trade,0.0,0.0,0.0,0,0.0,40335.9
749,2013-10-15,No trade,0.0,0.0,0.0,0,0.0,40335.9
750,2013-10-17,No trade,0.0,0.0,0.0,0,0.0,40335.9
751,2013-10-18,Bought,0.0,0.0,0.0,0,0.0,40335.9
752,2013-10-21,Hold,0.0,0.0,0.0,0,0.0,40335.9
753,2013-10-22,Hold,0.0,0.0,0.0,0,0.0,40335.9
754,2013-10-23,Sold,145.85,145.35,-0.5,276,-138.0,40197.9
755,2013-10-24,No trade,0.0,0.0,0.0,0,0.0,40197.9
756,2013-10-25,Bought,0.0,0.0,0.0,0,0.0,40197.9
757,2013-10-28,Sold,145.2,144.05,-1.15,276,-317.4,39880.5
758,2013-10-29,Bought,0.0,0.0,0.0,0,0.0,39880.5
759,2013-10-30,Hold,0.0,0.0,0.0,0,0.0,39880.5
760,2013-10-31,Hold,0.0,0.0,0.0,0,0.0,39880.5
761,2013-11-01,Sold,146.05,146.25,0.2,273,54.6,39935.1
762,2013-11-05,No trade,0.0,0.0,0.0,0,0.0,39935.1
763,2013-11-06,Bought,0.0,0.0,0.0,0,0.0,39935.1
764,2013-11-07,Hold,0.0,0.0,0.0,0,0.0,39935.1
765,2013-11-08,Hold,0.0,0.0,0.0,0,0.0,39935.1
766,2013-11-11,Sold,152.6,150.3,-2.3,261,-600.3,39334.8
767,2013-11-12,No trade,0.0,0.0,0.0,0,0.0,39334.8
768,2013-11-13,No trade,0.0,0.0,0.0,0,0.0,39334.8
769,2013-11-14,Bought,0.0,0.0,0.0,0,0.0,39334.8
770,2013-11-18,Hold,0.0,0.0,0.0,0,0.0,39334.8
771,2013-11-19,Hold,0.0,0.0,0.0,0,0.0,39334.8
772,2013-11-20,Sold,152.8,154.65,1.85,257,475.45,39810.25
773,2013-11-21,No trade,0.0,0.0,0.0,0,0.0,39810.25
774,2013-11-22,No trade,0.0,0.0,0.0,0,0.0,39810.25
775,2013-11-25,No trade,0.0,0.0,0.0,0,0.0,39810.25
776,2013-11-26,No trade,0.0,0.0,0.0,0,0.0,39810.25
777,2013-11-27,Bought,0.0,0.0,0.0,0,0.0,39810.25
778,2013-11-28,Hold,0.0,0.0,0.0,0,0.0,39810.25
779,2013-11-29,Hold,0.0,0.0,0.0,0,0.0,39810.25
780,2013-12-02,Hold,0.0,0.0,0.0,0,0.0,39810.25
781,2013-12-03,Sold,146.6,145.7,-0.9,271,-243.9,39566.35
782,2013-12-04,No trade,0.0,0.0,0.0,0,0.0,39566.35
783,2013-12-05,No trade,0.0,0.0,0.0,0,0.0,39566.35
784,2013-12-06,Bought,0.0,0.0,0.0,0,0.0,39566.35
785,2013-12-09,Hold,0.0,0.0,0.0,0,0.0,39566.35
786,2013-12-10,Sold,148.95,136.05,-12.9,265,-3418.5,36147.85
787,2013-12-11,No trade,0.0,0.0,0.0,0,0.0,36147.85
788,2013-12-12,No trade,0.0,0.0,0.0,0,0.0,36147.85
789,2013-12-13,No trade,0.0,0.0,0.0,0,0.0,36147.85
790,2013-12-16,Bought,0.0,0.0,0.0,0,0.0,36147.85
791,2013-12-17,Sold,137.95,134.95,-3.0,262,-786.0,35361.85
792,2013-12-18,No trade,0.0,0.0,0.0,0,0.0,35361.85
793,2013-12-19,No trade,0.0,0.0,0.0,0,0.0,35361.85
794,2013-12-20,Bought,0.0,0.0,0.0,0,0.0,35361.85
795,2013-12-23,Hold,0.0,0.0,0.0,0,0.0,35361.85
796,2013-12-24,Hold,0.0,0.0,0.0,0,0.0,35361.85
797,2013-12-26,Sold,135.95,137.15,1.2,260,312.0,35673.85
798,2013-12-27,No trade,0.0,0.0,0.0,0,0.0,35673.85
799,2013-12-30,No trade,0.0,0.0,0.0,0,0.0,35673.85
800,2013-12-31,Bought,0.0,0.0,0.0,0,0.0,35673.85
801,2014-01-01,Hold,0.0,0.0,0.0,0,0.0,35673.85
802,2014-01-02,Sold,137.0,134.9,-2.1,260,-546.0,35127.85
803,2014-01-03,No trade,0.0,0.0,0.0,0,0.0,35127.85
804,2014-01-06,No trade,0.0,0.0,0.0,0,0.0,35127.85
805,2014-01-07,No trade,0.0,0.0,0.0,0,0.0,35127.85
806,2014-01-08,Bought,0.0,0.0,0.0,0,0.0,35127.85
807,2014-01-09,Hold,0.0,0.0,0.0,0,0.0,35127.85
808,2014-01-10,Hold,0.0,0.0,0.0,0,0.0,35127.85
809,2014-01-13,Hold,0.0,0.0,0.0,0,0.0,35127.85
810,2014-01-14,Sold,129.55,131.25,1.7,271,460.7,35588.55
811,2014-01-15,Bought,0.0,0.0,0.0,0,0.0,35588.55
812,2014-01-16,Hold,0.0,0.0,0.0,0,0.0,35588.55
813,2014-01-17,Sold,132.25,131.6,-0.65,269,-174.85,35413.7
814,2014-01-20,No trade,0.0,0.0,0.0,0,0.0,35413.7
815,2014-01-21,No trade,0.0,0.0,0.0,0,0.0,35413.7
816,2014-01-22,Bought,0.0,0.0,0.0,0,0.0,35413.7
817,2014-01-23,Sold,132.65,131.1,-1.55,266,-412.3,35001.4
818,2014-01-24,Bought,0.0,0.0,0.0,0,0.0,35001.4
819,2014-01-27,Sold,131.5,129.45,-2.05,266,-545.3,34456.1
820,2014-01-28,No trade,0.0,0.0,0.0,0,0.0,34456.1
821,2014-01-29,No trade,0.0,0.0,0.0,0,0.0,34456.1
822,2014-01-30,Bought,0.0,0.0,0.0,0,0.0,34456.1
823,2014-01-31,Sold,128.2,126.45,-1.75,268,-469.0,33987.1
824,2014-02-03,No trade,0.0,0.0,0.0,0,0.0,33987.1
825,2014-02-04,Bought,0.0,0.0,0.0,0,0.0,33987.1
826,2014-02-05,Hold,0.0,0.0,0.0,0,0.0,33987.1
827,2014-02-06,Hold,0.0,0.0,0.0,0,0.0,33987.1
828,2014-02-07,Sold,130.2,135.95,5.75,261,1500.75,35487.85
829,2014-02-10,No trade,0.0,0.0,0.0,0,0.0,35487.85
830,2014-02-11,No trade,0.0,0.0,0.0,0,0.0,35487.85
831,2014-02-12,No trade,0.0,0.0,0.0,0,0.0,35487.85
832,2014-02-13,No trade,0.0,0.0,0.0,0,0.0,35487.85
833,2014-02-14,Bought,0.0,0.0,0.0,0,0.0,35487.85
834,2014-02-17,Hold,0.0,0.0,0.0,0,0.0,35487.85
835,2014-02-18,Hold,0.0,0.0,0.0,0,0.0,35487.85
836,2014-02-19,Sold,132.25,132.35,0.1,268,26.8,35514.65
837,2014-02-20,No trade,0.0,0.0,0.0,0,0.0,35514.65
838,2014-02-21,Bought,0.0,0.0,0.0,0,0.0,35514.65
839,2014-02-24,Sold,132.45,116.9,-15.55,268,-4167.4,31347.25
840,2014-02-25,No trade,0.0,0.0,0.0,0,0.0,31347.25
841,2014-02-26,No trade,0.0,0.0,0.0,0,0.0,31347.25
842,2014-02-28,Bought,0.0,0.0,0.0,0,0.0,31347.25
843,2014-03-03,Hold,0.0,0.0,0.0,0,0.0,31347.25
844,2014-03-04,Hold,0.0,0.0,0.0,0,0.0,31347.25
845,2014-03-05,Hold,0.0,0.0,0.0,0,0.0,31347.25
846,2014-03-06,Hold,0.0,0.0,0.0,0,0.0,31347.25
847,2014-03-07,Sold,112.4,116.35,3.95,278,1098.1,32445.35
848,2014-03-10,No trade,0.0,0.0,0.0,0,0.0,32445.35
849,2014-03-11,No trade,0.0,0.0,0.0,0,0.0,32445.35
850,2014-03-12,No trade,0.0,0.0,0.0,0,0.0,32445.35
851,2014-03-13,No trade,0.0,0.0,0.0,0,0.0,32445.35
852,2014-03-14,Bought,0.0,0.0,0.0,0,0.0,32445.35
853,2014-03-18,Hold,0.0,0.0,0.0,0,0.0,32445.35
854,2014-03-19,Sold,117.05,115.95,-1.1,277,-304.7,32140.65
855,2014-03-20,No trade,0.0,0.0,0.0,0,0.0,32140.65
856,2014-03-21,No trade,0.0,0.0,0.0,0,0.0,32140.65
857,2014-03-24,No trade,0.0,0.0,0.0,0,0.0,32140.65
858,2014-03-25,Bought,0.0,0.0,0.0,0,0.0,32140.65
859,2014-03-26,Hold,0.0,0.0,0.0,0,0.0,32140.65
860,2014-03-27,Hold,0.0,0.0,0.0,0,0.0,32140.65
861,2014-03-28,Hold,0.0,0.0,0.0,0,0.0,32140.65
862,2014-03-31,Sold,115.1,119.9,4.8,279,1339.2,33479.85
863,2014-04-01,Bought,0.0,0.0,0.0,0,0.0,33479.85
864,2014-04-02,Sold,121.95,122.9,0.95,274,260.3,33740.15
865,2014-04-03,No trade,0.0,0.0,0.0,0,0.0,33740.15
866,2014-04-04,No trade,0.0,0.0,0.0,0,0.0,33740.15
867,2014-04-07,No trade,0.0,0.0,0.0,0,0.0,33740.15
868,2014-04-09,Bought,0.0,0.0,0.0,0,0.0,33740.15
869,2014-04-10,Hold,0.0,0.0,0.0,0,0.0,33740.15
870,2014-04-11,Hold,0.0,0.0,0.0,0,0.0,33740.15
871,2014-04-15,Hold,0.0,0.0,0.0,0,0.0,33740.15
872,2014-04-16,Sold,120.55,122.6,2.05,279,571.95,34312.1
873,2014-04-17,No trade,0.0,0.0,0.0,0,0.0,34312.1
874,2014-04-21,Bought,0.0,0.0,0.0,0,0.0,34312.1
875,2014-04-22,Sold,124.55,123.8,-0.75,275,-206.25,34105.85
876,2014-04-23,No trade,0.0,0.0,0.0,0,0.0,34105.85
877,2014-04-24,No trade,0.0,0.0,0.0,0,0.0,34105.85
878,2014-04-25,No trade,0.0,0.0,0.0,0,0.0,34105.85
879,2014-04-28,Bought,0.0,0.0,0.0,0,0.0,34105.85
880,2014-04-29,Hold,0.0,0.0,0.0,0,0.0,34105.85
881,2014-04-30,Hold,0.0,0.0,0.0,0,0.0,34105.85
882,2014-05-02,Hold,0.0,0.0,0.0,0,0.0,34105.85
883,2014-05-05,Hold,0.0,0.0,0.0,0,0.0,34105.85
884,2014-05-06,Hold,0.0,0.0,0.0,0,0.0,34105.85
885,2014-05-07,Hold,0.0,0.0,0.0,0,0.0,34105.85
886,2014-05-08,Hold,0.0,0.0,0.0,0,0.0,34105.85
887,2014-05-09,Hold,0.0,0.0,0.0,0,0.0,34105.85
888,2014-05-12,Sold,117.95,121.1,3.15,289,910.35,35016.2
889,2014-05-13,No trade,0.0,0.0,0.0,0,0.0,35016.2
890,2014-05-14,No trade,0.0,0.0,0.0,0,0.0,35016.2
891,2014-05-15,No trade,0.0,0.0,0.0,0,0.0,35016.2
892,2014-05-16,No trade,0.0,0.0,0.0,0,0.0,35016.2
893,2014-05-19,No trade,0.0,0.0,0.0,0,0.0,35016.2
894,2014-05-20,No trade,0.0,0.0,0.0,0,0.0,35016.2
895,2014-05-21,No trade,0.0,0.0,0.0,0,0.0,35016.2
896,2014-05-22,Bought,0.0,0.0,0.0,0,0.0,35016.2
897,2014-05-23,Hold,0.0,0.0,0.0,0,0.0,35016.2
898,2014-05-26,Sold,154.2,156.25,2.05,227,465.35,35481.55
899,2014-05-27,No trade,0.0,0.0,0.0,0,0.0,35481.55
900,2014-05-28,No trade,0.0,0.0,0.0,0,0.0,35481.55
901,2014-05-29,Bought,0.0,0.0,0.0,0,0.0,35481.55
902,2014-05-30,Hold,0.0,0.0,0.0,0,0.0,35481.55
903,2014-06-02,Hold,0.0,0.0,0.0,0,0.0,35481.55
904,2014-06-03,Hold,0.0,0.0,0.0,0,0.0,35481.55
905,2014-06-04,Hold,0.0,0.0,0.0,0,0.0,35481.55
906,2014-06-05,Sold,152.15,164.2,12.05,233,2807.65,38289.2
907,2014-06-06,No trade,0.0,0.0,0.0,0,0.0,38289.2
908,2014-06-09,No trade,0.0,0.0,0.0,0,0.0,38289.2
909,2014-06-10,No trade,0.0,0.0,0.0,0,0.0,38289.2
910,2014-06-11,No trade,0.0,0.0,0.0,0,0.0,38289.2
911,2014-06-12,Bought,0.0,0.0,0.0,0,0.0,38289.2
912,2014-06-13,Sold,160.25,153.35,-6.9,238,-1642.2,36647.0
913,2014-06-16,Bought,0.0,0.0,0.0,0,0.0,36647.0
914,2014-06-17,Hold,0.0,0.0,0.0,0,0.0,36647.0
915,2014-06-18,Sold,152.9,151.5,-1.4,239,-334.6,36312.4
916,2014-06-19,Bought,0.0,0.0,0.0,0,0.0,36312.4
917,2014-06-20,Sold,152.5,151.65,-0.85,238,-202.3,36110.1
918,2014-06-23,Bought,0.0,0.0,0.0,0,0.0,36110.1
919,2014-06-24,Hold,0.0,0.0,0.0,0,0.0,36110.1
920,2014-06-25,Hold,0.0,0.0,0.0,0,0.0,36110.1
921,2014-06-26,Sold,152.55,152.3,-0.25,236,-59.0,36051.1
922,2014-06-27,No trade,0.0,0.0,0.0,0,0.0,36051.1
923,2014-06-30,Bought,0.0,0.0,0.0,0,0.0,36051.1
924,2014-07-01,Sold,156.2,154.6,-1.6,230,-368.0,35683.1
925,2014-07-02,Bought,0.0,0.0,0.0,0,0.0,35683.1
926,2014-07-03,Sold,159.75,157.35,-2.4,223,-535.2,35147.9
927,2014-07-04,No trade,0.0,0.0,0.0,0,0.0,35147.9
928,2014-07-07,Bought,0.0,0.0,0.0,0,0.0,35147.9
929,2014-07-08,Sold,161.35,153.0,-8.35,217,-1811.95,33335.95
930,2014-07-09,No trade,0.0,0.0,0.0,0,0.0,33335.95
931,2014-07-10,No trade,0.0,0.0,0.0,0,0.0,33335.95
932,2014-07-11,No trade,0.0,0.0,0.0,0,0.0,33335.95
933,2014-07-14,Bought,0.0,0.0,0.0,0,0.0,33335.95
934,2014-07-15,Hold,0.0,0.0,0.0,0,0.0,33335.95
935,2014-07-16,Hold,0.0,0.0,0.0,0,0.0,33335.95
936,2014-07-17,Hold,0.0,0.0,0.0,0,0.0,33335.95
937,2014-07-18,Hold,0.0,0.0,0.0,0,0.0,33335.95
938,2014-07-21,Sold,147.8,148.0,0.2,225,45.0,33380.95
939,2014-07-22,Bought,0.0,0.0,0.0,0,0.0,33380.95
940,2014-07-23,Sold,149.85,149.6,-0.25,222,-55.5,33325.45
941,2014-07-24,Bought,0.0,0.0,0.0,0,0.0,33325.45
942,2014-07-25,Sold,149.7,148.95,-0.75,222,-166.5,33158.95
943,2014-07-28,No trade,0.0,0.0,0.0,0,0.0,33158.95
944,2014-07-30,Bought,0.0,0.0,0.0,0,0.0,33158.95
945,2014-07-31,Sold,149.8,145.05,-4.75,221,-1049.75,32109.2
946,2014-08-01,No trade,0.0,0.0,0.0,0,0.0,32109.2
947,2014-08-04,No trade,0.0,0.0,0.0,0,0.0,32109.2
948,2014-08-05,No trade,0.0,0.0,0.0,0,0.0,32109.2
949,2014-08-06,Bought,0.0,0.0,0.0,0,0.0,32109.2
950,2014-08-07,Hold,0.0,0.0,0.0,0,0.0,32109.2
951,2014-08-08,Sold,140.45,137.95,-2.5,228,-570.0,31539.2
952,2014-08-11,No trade,0.0,0.0,0.0,0,0.0,31539.2
953,2014-08-12,Bought,0.0,0.0,0.0,0,0.0,31539.2
954,2014-08-13,Hold,0.0,0.0,0.0,0,0.0,31539.2
955,2014-08-14,Hold,0.0,0.0,0.0,0,0.0,31539.2
956,2014-08-18,Hold,0.0,0.0,0.0,0,0.0,31539.2
957,2014-08-19,Sold,139.5,143.9,4.4,226,994.4,32533.6
958,2014-08-20,No trade,0.0,0.0,0.0,0,0.0,32533.6
959,2014-08-21,No trade,0.0,0.0,0.0,0,0.0,32533.6
960,2014-08-22,No trade,0.0,0.0,0.0,0,0.0,32533.6
961,2014-08-25,No trade,0.0,0.0,0.0,0,0.0,32533.6
962,2014-08-26,No trade,0.0,0.0,0.0,0,0.0,32533.6
963,2014-08-27,Bought,0.0,0.0,0.0,0,0.0,32533.6
964,2014-08-28,Hold,0.0,0.0,0.0,0,0.0,32533.6
965,2014-09-01,Hold,0.0,0.0,0.0,0,0.0,32533.6
966,2014-09-02,Hold,0.0,0.0,0.0,0,0.0,32533.6
967,2014-09-03,Hold,0.0,0.0,0.0,0,0.0,32533.6
968,2014-09-04,Hold,0.0,0.0,0.0,0,0.0,32533.6
969,2014-09-05,Sold,139.5,142.85,3.35,233,780.55,33314.15
970,2014-09-08,No trade,0.0,0.0,0.0,0,0.0,33314.15
971,2014-09-09,No trade,0.0,0.0,0.0,0,0.0,33314.15
972,2014-09-10,No trade,0.0,0.0,0.0,0,0.0,33314.15
973,2014-09-11,Bought,0.0,0.0,0.0,0,0.0,33314.15
974,2014-09-12,Sold,140.0,137.75,-2.25,237,-533.25,32780.9
975,2014-09-15,No trade,0.0,0.0,0.0,0,0.0,32780.9
976,2014-09-16,Bought,0.0,0.0,0.0,0,0.0,32780.9
977,2014-09-17,Hold,0.0,0.0,0.0,0,0.0,32780.9
978,2014-09-18,Hold,0.0,0.0,0.0,0,0.0,32780.9
979,2014-09-19,Hold,0.0,0.0,0.0,0,0.0,32780.9
980,2014-09-22,Sold,132.15,136.45,4.3,248,1066.4,33847.3
981,2014-09-23,No trade,0.0,0.0,0.0,0,0.0,33847.3
982,2014-09-24,Bought,0.0,0.0,0.0,0,0.0,33847.3
983,2014-09-25,Sold,138.0,136.45,-1.55,245,-379.75,33467.55
984,2014-09-26,Bought,0.0,0.0,0.0,0,0.0,33467.55
985,2014-09-29,Hold,0.0,0.0,0.0,0,0.0,33467.55
986,2014-09-30,Hold,0.0,0.0,0.0,0,0.0,33467.55
987,2014-10-01,Hold,0.0,0.0,0.0,0,0.0,33467.55
988,2014-10-07,Hold,0.0,0.0,0.0,0,0.0,33467.55
989,2014-10-08,Hold,0.0,0.0,0.0,0,0.0,33467.55
990,2014-10-09,Sold,139.35,142.9,3.55,240,852.0,34319.55
991,2014-10-10,No trade,0.0,0.0,0.0,0,0.0,34319.55
992,2014-10-13,No trade,0.0,0.0,0.0,0,0.0,34319.55
993,2014-10-14,No trade,0.0,0.0,0.0,0,0.0,34319.55
994,2014-10-15,Bought,0.0,0.0,0.0,0,0.0,34319.55
995,2014-10-16,Sold,140.7,138.25,-2.45,243,-595.35,33724.2
996,2014-10-17,Bought,0.0,0.0,0.0,0,0.0,33724.2
997,2014-10-20,Hold,0.0,0.0,0.0,0,0.0,33724.2
998,2014-10-21,Hold,0.0,0.0,0.0,0,0.0,33724.2
999,2014-10-22,Sold,140.95,146.55,5.6,239,1338.4,35062.6
1000,2014-10-27,No trade,0.0,0.0,0.0,0,0.0,35062.6
1001,2014-10-28,No trade,0.0,0.0,0.0,0,0.0,35062.6
1002,2014-10-29,No trade,0.0,0.0,0.0,0,0.0,35062.6
1003,2014-10-30,No trade,0.0,0.0,0.0,0,0.0,35062.6
1004,2014-10-31,Bought,0.0,0.0,0.0,0,0.0,35062.6
1005,2014-11-03,Sold,150.1,147.7,-2.4,233,-559.2,34503.4
1006,2014-11-05,No trade,0.0,0.0,0.0,0,0.0,34503.4
1007,2014-11-07,No trade,0.0,0.0,0.0,0,0.0,34503.4
1008,2014-11-10,Bought,0.0,0.0,0.0,0,0.0,34503.4
1009,2014-11-11,Hold,0.0,0.0,0.0,0,0.0,34503.4
1010,2014-11-12,Sold,146.15,142.2,-3.95,236,-932.2,33571.2
1011,2014-11-13,Bought,0.0,0.0,0.0,0,0.0,33571.2
1012,2014-11-14,Hold,0.0,0.0,0.0,0,0.0,33571.2
1013,2014-11-17,Hold,0.0,0.0,0.0,0,0.0,33571.2
1014,2014-11-18,Hold,0.0,0.0,0.0,0,0.0,33571.2
1015,2014-11-19,Sold,142.7,144.2,1.5,235,352.5,33923.7
1016,2014-11-20,No trade,0.0,0.0,0.0,0,0.0,33923.7
1017,2014-11-21,No trade,0.0,0.0,0.0,0,0.0,33923.7
1018,2014-11-24,Bought,0.0,0.0,0.0,0,0.0,33923.7
1019,2014-11-25,Sold,143.05,140.15,-2.9,237,-687.3,33236.4
1020,2014-11-26,Bought,0.0,0.0,0.0,0,0.0,33236.4
1021,2014-11-27,Hold,0.0,0.0,0.0,0,0.0,33236.4
1022,2014-11-28,Hold,0.0,0.0,0.0,0,0.0,33236.4
1023,2014-12-01,Sold,141.8,140.15,-1.65,234,-386.1,32850.3
1024,2014-12-02,No trade,0.0,0.0,0.0,0,0.0,32850.3
1025,2014-12-03,Bought,0.0,0.0,0.0,0,0.0,32850.3
1026,2014-12-04,Hold,0.0,0.0,0.0,0,0.0,32850.3
1027,2014-12-05,Sold,143.15,141.05,-2.1,229,-480.9,32369.4
1028,2014-12-08,No trade,0.0,0.0,0.0,0,0.0,32369.4
1029,2014-12-09,No trade,0.0,0.0,0.0,0,0.0,32369.4
1030,2014-12-10,No trade,0.0,0.0,0.0,0,0.0,32369.4
1031,2014-12-11,No trade,0.0,0.0,0.0,0,0.0,32369.4
1032,2014-12-12,Bought,0.0,0.0,0.0,0,0.0,32369.4
1033,2014-12-15,Hold,0.0,0.0,0.0,0,0.0,32369.4
1034,2014-12-16,Hold,0.0,0.0,0.0,0,0.0,32369.4
1035,2014-12-17,Hold,0.0,0.0,0.0,0,0.0,32369.4
1036,2014-12-18,Hold,0.0,0.0,0.0,0,0.0,32369.4
1037,2014-12-19,Hold,0.0,0.0,0.0,0,0.0,32369.4
1038,2014-12-22,Hold,0.0,0.0,0.0,0,0.0,32369.4
1039,2014-12-23,Sold,132.95,142.95,10.0,243,2430.0,34799.4
1040,2014-12-24,No trade,0.0,0.0,0.0,0,0.0,34799.4
1041,2014-12-26,No trade,0.0,0.0,0.0,0,0.0,34799.4
1042,2014-12-29,No trade,0.0,0.0,0.0,0,0.0,34799.4
1043,2014-12-30,Bought,0.0,0.0,0.0,0,0.0,34799.4
1044,2014-12-31,Hold,0.0,0.0,0.0,0,0.0,34799.4
1045,2015-01-01,Sold,141.95,142.45,0.5,245,122.5,34921.9
1046,2015-01-02,Bought,0.0,0.0,0.0,0,0.0,34921.9
1047,2015-01-05,Sold,144.4,144.0,-0.4,241,-96.4,34825.5
1048,2015-01-06,No trade,0.0,0.0,0.0,0,0.0,34825.5
1049,2015-01-07,Bought,0.0,0.0,0.0,0,0.0,34825.5
1050,2015-01-08,Hold,0.0,0.0,0.0,0,0.0,34825.5
1051,2015-01-09,Sold,142.55,140.25,-2.3,244,-561.2,34264.3
1052,2015-01-12,No trade,0.0,0.0,0.0,0,0.0,34264.3
1053,2015-01-13,No trade,0.0,0.0,0.0,0,0.0,34264.3
1054,2015-01-14,No trade,0.0,0.0,0.0,0,0.0,34264.3
1055,2015-01-15,Bought,0.0,0.0,0.0,0,0.0,34264.3
1056,2015-01-16,Hold,0.0,0.0,0.0,0,0.0,34264.3
1057,2015-01-19,Hold,0.0,0.0,0.0,0,0.0,34264.3
1058,2015-01-20,Hold,0.0,0.0,0.0,0,0.0,34264.3
1059,2015-01-21,Sold,139.2,143.5,4.3,246,1057.8,35322.1
1060,2015-01-22,No trade,0.0,0.0,0.0,0,0.0,35322.1
1061,2015-01-23,No trade,0.0,0.0,0.0,0,0.0,35322.1
1062,2015-01-27,Bought,0.0,0.0,0.0,0,0.0,35322.1
1063,2015-01-28,Hold,0.0,0.0,0.0,0,0.0,35322.1
1064,2015-01-29,Sold,143.15,141.85,-1.3,246,-319.8,35002.3
1065,2015-01-30,Bought,0.0,0.0,0.0,0,0.0,35002.3
1066,2015-02-02,Sold,143.65,142.05,-1.6,243,-388.8,34613.5
1067,2015-02-03,Bought,0.0,0.0,0.0,0,0.0,34613.5
1068,2015-02-04,Sold,144.0,142.8,-1.2,240,-288.0,34325.5
1069,2015-02-05,No trade,0.0,0.0,0.0,0,0.0,34325.5
1070,2015-02-06,No trade,0.0,0.0,0.0,0,0.0,34325.5
1071,2015-02-09,No trade,0.0,0.0,0.0,0,0.0,34325.5
1072,2015-02-10,Bought,0.0,0.0,0.0,0,0.0,34325.5
1073,2015-02-11,Hold,0.0,0.0,0.0,0,0.0,34325.5
1074,2015-02-12,Hold,0.0,0.0,0.0,0,0.0,34325.5
1075,2015-02-13,Hold,0.0,0.0,0.0,0,0.0,34325.5
1076,2015-02-16,Hold,0.0,0.0,0.0,0,0.0,34325.5
1077,2015-02-18,Sold,137.15,146.05,8.9,250,2225.0,36550.5
1078,2015-02-19,No trade,0.0,0.0,0.0,0,0.0,36550.5
1079,2015-02-20,No trade,0.0,0.0,0.0,0,0.0,36550.5
1080,2015-02-23,No trade,0.0,0.0,0.0,0,0.0,36550.5
1081,2015-02-24,Bought,0.0,0.0,0.0,0,0.0,36550.5
1082,2015-02-25,Sold,146.6,146.05,-0.55,249,-136.95,36413.55
1083,2015-02-26,Bought,0.0,0.0,0.0,0,0.0,36413.55
1084,2015-02-27,Hold,0.0,0.0,0.0,0,0.0,36413.55
1085,2015-03-02,Hold,0.0,0.0,0.0,0,0.0,36413.55
1086,2015-03-03,Sold,153.35,158.7,5.35,237,1267.95,37681.5
1087,2015-03-04,No trade,0.0,0.0,0.0,0,0.0,37681.5
1088,2015-03-05,No trade,0.0,0.0,0.0,0,0.0,37681.5
1089,2015-03-09,No trade,0.0,0.0,0.0,0,0.0,37681.5
1090,2015-03-10,No trade,0.0,0.0,0.0,0,0.0,37681.5
1091,2015-03-11,Bought,0.0,0.0,0.0,0,0.0,37681.5
1092,2015-03-12,Hold,0.0,0.0,0.0,0,0.0,37681.5
1093,2015-03-13,Hold,0.0,0.0,0.0,0,0.0,37681.5
1094,2015-03-16,Sold,153.75,155.85,2.1,245,514.5,38196.0
1095,2015-03-17,No trade,0.0,0.0,0.0,0,0.0,38196.0
1096,2015-03-18,No trade,0.0,0.0,0.0,0,0.0,38196.0
1097,2015-03-19,No trade,0.0,0.0,0.0,0,0.0,38196.0
1098,2015-03-20,No trade,0.0,0.0,0.0,0,0.0,38196.0
1099,2015-03-23,Bought,0.0,0.0,0.0,0,0.0,38196.0
1100,2015-03-24,Hold,0.0,0.0,0.0,0,0.0,38196.0
1101,2015-03-25,Sold,150.15,147.35,-2.8,254,-711.2,37484.8
1102,2015-03-26,No trade,0.0,0.0,0.0,0,0.0,37484.8
1103,2015-03-27,Bought,0.0,0.0,0.0,0,0.0,37484.8
1104,2015-03-30,Hold,0.0,0.0,0.0,0,0.0,37484.8
1105,2015-03-31,Hold,0.0,0.0,0.0,0,0.0,37484.8
1106,2015-04-01,Hold,0.0,0.0,0.0,0,0.0,37484.8
1107,2015-04-06,Hold,0.0,0.0,0.0,0,0.0,37484.8
1108,2015-04-07,Hold,0.0,0.0,0.0,0,0.0,37484.8
1109,2015-04-08,Sold,145.6,156.1,10.5,257,2698.5,40183.3
1110,2015-04-09,No trade,0.0,0.0,0.0,0,0.0,40183.3
1111,2015-04-10,No trade,0.0,0.0,0.0,0,0.0,40183.3
1112,2015-04-13,No trade,0.0,0.0,0.0,0,0.0,40183.3
1113,2015-04-15,No trade,0.0,0.0,0.0,0,0.0,40183.3
1114,2015-04-16,Bought,0.0,0.0,0.0,0,0.0,40183.3
1115,2015-04-17,Hold,0.0,0.0,0.0,0,0.0,40183.3
1116,2015-04-20,Sold,156.1,154.4,-1.7,257,-436.9,39746.4
1117,2015-04-21,No trade,0.0,0.0,0.0,0,0.0,39746.4
1118,2015-04-22,Bought,0.0,0.0,0.0,0,0.0,39746.4
1119,2015-04-23,Sold,152.7,149.5,-3.2,260,-832.0,38914.4
1120,2015-04-24,Bought,0.0,0.0,0.0,0,0.0,38914.4
1121,2015-04-27,Sold,149.8,148.25,-1.55,259,-401.45,38512.95
1122,2015-04-28,Bought,0.0,0.0,0.0,0,0.0,38512.95
1123,2015-04-29,Hold,0.0,0.0,0.0,0,0.0,38512.95
1124,2015-04-30,Sold,151.3,150.3,-1.0,254,-254.0,38258.95
1125,2015-05-04,Bought,0.0,0.0,0.0,0,0.0,38258.95
1126,2015-05-05,Sold,152.35,150.5,-1.85,251,-464.35,37794.6
1127,2015-05-06,No trade,0.0,0.0,0.0,0,0.0,37794.6
1128,2015-05-07,No trade,0.0,0.0,0.0,0,0.0,37794.6
1129,2015-05-08,No trade,0.0,0.0,0.0,0,0.0,37794.6
1130,2015-05-11,Bought,0.0,0.0,0.0,0,0.0,37794.6
1131,2015-05-12,Hold,0.0,0.0,0.0,0,0.0,37794.6
1132,2015-05-13,Sold,144.95,138.4,-6.55,260,-1703.0,36091.6
1133,2015-05-14,Bought,0.0,0.0,0.0,0,0.0,36091.6
1134,2015-05-15,Sold,139.05,136.1,-2.95,259,-764.05,35327.55
1135,2015-05-18,No trade,0.0,0.0,0.0,0,0.0,35327.55
1136,2015-05-19,No trade,0.0,0.0,0.0,0,0.0,35327.55
1137,2015-05-20,Bought,0.0,0.0,0.0,0,0.0,35327.55
1138,2015-05-21,Sold,136.15,134.95,-1.2,259,-310.8,35016.75
1139,2015-05-22,Bought,0.0,0.0,0.0,0,0.0,35016.75
1140,2015-05-25,Sold,135.35,134.25,-1.1,258,-283.8,34732.95
1141,2015-05-26,No trade,0.0,0.0,0.0,0,0.0,34732.95
1142,2015-05-27,Bought,0.0,0.0,0.0,0,0.0,34732.95
1143,2015-05-28,Hold,0.0,0.0,0.0,0,0.0,34732.95
1144,2015-05-29,Hold,0.0,0.0,0.0,0,0.0,34732.95
1145,2015-06-01,Sold,134.25,138.55,4.3,258,1109.4,35842.35
1146,2015-06-02,No trade,0.0,0.0,0.0,0,0.0,35842.35
1147,2015-06-03,No trade,0.0,0.0,0.0,0,0.0,35842.35
1148,2015-06-04,No trade,0.0,0.0,0.0,0,0.0,35842.35
1149,2015-06-05,Bought,0.0,0.0,0.0,0,0.0,35842.35
1150,2015-06-08,Sold,140.05,138.45,-1.6,255,-408.0,35434.35
1151,2015-06-09,Bought,0.0,0.0,0.0,0,0.0,35434.35
1152,2015-06-10,Hold,0.0,0.0,0.0,0,0.0,35434.35
1153,2015-06-11,Sold,139.0,136.55,-2.45,254,-622.3,34812.05
1154,2015-06-12,No trade,0.0,0.0,0.0,0,0.0,34812.05
1155,2015-06-15,No trade,0.0,0.0,0.0,0,0.0,34812.05
1156,2015-06-16,Bought,0.0,0.0,0.0,0,0.0,34812.05
1157,2015-06-17,Hold,0.0,0.0,0.0,0,0.0,34812.05
1158,2015-06-18,Hold,0.0,0.0,0.0,0,0.0,34812.05
1159,2015-06-19,Sold,137.65,136.05,-1.6,252,-403.2,34408.85
1160,2015-06-22,Bought,0.0,0.0,0.0,0,0.0,34408.85
1161,2015-06-23,Hold,0.0,0.0,0.0,0,0.0,34408.85
1162,2015-06-24,Sold,137.0,136.8,-0.2,251,-50.2,34358.65
1163,2015-06-25,No trade,0.0,0.0,0.0,0,0.0,34358.65
1164,2015-06-26,Bought,0.0,0.0,0.0,0,0.0,34358.65
1165,2015-06-29,Hold,0.0,0.0,0.0,0,0.0,34358.65
1166,2015-06-30,Hold,0.0,0.0,0.0,0,0.0,34358.65
1167,2015-07-01,Hold,0.0,0.0,0.0,0,0.0,34358.65
1168,2015-07-02,Sold,137.7,137.65,-0.05,249,-12.45,34346.2
1169,2015-07-03,Bought,0.0,0.0,0.0,0,0.0,34346.2
1170,2015-07-06,Sold,138.85,138.0,-0.85,247,-209.95,34136.25
1171,2015-07-07,No trade,0.0,0.0,0.0,0,0.0,34136.25
1172,2015-07-08,No trade,0.0,0.0,0.0,0,0.0,34136.25
1173,2015-07-09,No trade,0.0,0.0,0.0,0,0.0,34136.25
1174,2015-07-10,Bought,0.0,0.0,0.0,0,0.0,34136.25
1175,2015-07-13,Hold,0.0,0.0,0.0,0,0.0,34136.25
1176,2015-07-14,Hold,0.0,0.0,0.0,0,0.0,34136.25
1177,2015-07-15,Hold,0.0,0.0,0.0,0,0.0,34136.25
1178,2015-07-16,Hold,0.0,0.0,0.0,0,0.0,34136.25
1179,2015-07-17,Sold,129.85,135.55,5.7,262,1493.4,35629.65
1180,2015-07-20,No trade,0.0,0.0,0.0,0,0.0,35629.65
1181,2015-07-21,No trade,0.0,0.0,0.0,0,0.0,35629.65
1182,2015-07-22,No trade,0.0,0.0,0.0,0,0.0,35629.65
1183,2015-07-23,No trade,0.0,0.0,0.0,0,0.0,35629.65
1184,2015-07-24,No trade,0.0,0.0,0.0,0,0.0,35629.65
1185,2015-07-27,No trade,0.0,0.0,0.0,0,0.0,35629.65
1186,2015-07-28,Bought,0.0,0.0,0.0,0,0.0,35629.65
1187,2015-07-29,Sold,137.05,135.5,-1.55,259,-401.45,35228.2
1188,2015-07-30,Bought,0.0,0.0,0.0,0,0.0,35228.2
1189,2015-07-31,Sold,135.85,135.05,-0.8,259,-207.2,35021.0
1190,2015-08-03,No trade,0.0,0.0,0.0,0,0.0,35021.0
1191,2015-08-04,Bought,0.0,0.0,0.0,0,0.0,35021.0
1192,2015-08-05,Hold,0.0,0.0,0.0,0,0.0,35021.0
1193,2015-08-06,Sold,135.15,135.9,0.75,259,194.25,35215.25
1194,2015-08-07,No trade,0.0,0.0,0.0,0,0.0,35215.25
1195,2015-08-10,No trade,0.0,0.0,0.0,0,0.0,35215.25
1196,2015-08-11,No trade,0.0,0.0,0.0,0,0.0,35215.25
1197,2015-08-12,No trade,0.0,0.0,0.0,0,0.0,35215.25
1198,2015-08-13,Bought,0.0,0.0,0.0,0,0.0,35215.25
1199,2015-08-14,Hold,0.0,0.0,0.0,0,0.0,35215.25
1200,2015-08-17,Hold,0.0,0.0,0.0,0,0.0,35215.25
1201,2015-08-18,Sold,127.85,127.25,-0.6,275,-165.0,35050.25
1202,2015-08-19,No trade,0.0,0.0,0.0,0,0.0,35050.25
1203,2015-08-20,No trade,0.0,0.0,0.0,0,0.0,35050.25
1204,2015-08-21,No trade,0.0,0.0,0.0,0,0.0,35050.25
1205,2015-08-24,No trade,0.0,0.0,0.0,0,0.0,35050.25
1206,2015-08-25,Bought,0.0,0.0,0.0,0,0.0,35050.25
1207,2015-08-26,Hold,0.0,0.0,0.0,0,0.0,35050.25
1208,2015-08-27,Hold,0.0,0.0,0.0,0,0.0,35050.25
1209,2015-08-28,Hold,0.0,0.0,0.0,0,0.0,35050.25
1210,2015-08-31,Sold,119.15,121.45,2.3,294,676.2,35726.45
1211,2015-09-01,No trade,0.0,0.0,0.0,0,0.0,35726.45
1212,2015-09-02,No trade,0.0,0.0,0.0,0,0.0,35726.45
1213,2015-09-03,No trade,0.0,0.0,0.0,0,0.0,35726.45
1214,2015-09-04,No trade,0.0,0.0,0.0,0,0.0,35726.45
1215,2015-09-07,No trade,0.0,0.0,0.0,0,0.0,35726.45
1216,2015-09-08,Bought,0.0,0.0,0.0,0,0.0,35726.45
1217,2015-09-09,Hold,0.0,0.0,0.0,0,0.0,35726.45
1218,2015-09-10,Hold,0.0,0.0,0.0,0,0.0,35726.45
1219,2015-09-11,Hold,0.0,0.0,0.0,0,0.0,35726.45
1220,2015-09-14,Hold,0.0,0.0,0.0,0,0.0,35726.45
1221,2015-09-15,Sold,114.45,126.85,12.4,312,3868.8,39595.25
1222,2015-09-16,No trade,0.0,0.0,0.0,0,0.0,39595.25
1223,2015-09-18,No trade,0.0,0.0,0.0,0,0.0,39595.25
1224,2015-09-21,No trade,0.0,0.0,0.0,0,0.0,39595.25
1225,2015-09-22,No trade,0.0,0.0,0.0,0,0.0,39595.25
1226,2015-09-23,No trade,0.0,0.0,0.0,0,0.0,39595.25
1227,2015-09-24,Bought,0.0,0.0,0.0,0,0.0,39595.25
1228,2015-09-28,Sold,122.05,120.95,-1.1,324,-356.4,39238.85
1229,2015-09-29,Bought,0.0,0.0,0.0,0,0.0,39238.85
1230,2015-09-30,Hold,0.0,0.0,0.0,0,0.0,39238.85
1231,2015-10-01,Hold,0.0,0.0,0.0,0,0.0,39238.85
1232,2015-10-05,Hold,0.0,0.0,0.0,0,0.0,39238.85
1233,2015-10-06,Sold,121.35,125.75,4.4,323,1421.2,40660.05
1234,2015-10-07,Bought,0.0,0.0,0.0,0,0.0,40660.05
1235,2015-10-08,Sold,127.75,126.0,-1.75,318,-556.5,40103.55
1236,2015-10-09,No trade,0.0,0.0,0.0,0,0.0,40103.55
1237,2015-10-12,Bought,0.0,0.0,0.0,0,0.0,40103.55
1238,2015-10-13,Hold,0.0,0.0,0.0,0,0.0,40103.55
1239,2015-10-14,Sold,127.25,125.85,-1.4,315,-441.0,39662.55
1240,2015-10-15,No trade,0.0,0.0,0.0,0,0.0,39662.55
1241,2015-10-16,Bought,0.0,0.0,0.0,0,0.0,39662.55
1242,2015-10-19,Hold,0.0,0.0,0.0,0,0.0,39662.55
1243,2015-10-20,Hold,0.0,0.0,0.0,0,0.0,39662.55
1244,2015-10-21,Hold,0.0,0.0,0.0,0,0.0,39662.55
1245,2015-10-23,Hold,0.0,0.0,0.0,0,0.0,39662.55
1246,2015-10-26,Sold,126.8,132.85,6.05,312,1887.6,41550.15
1247,2015-10-27,No trade,0.0,0.0,0.0,0,0.0,41550.15
1248,2015-10-28,No trade,0.0,0.0,0.0,0,0.0,41550.15
1249,2015-10-29,No trade,0.0,0.0,0.0,0,0.0,41550.15
1250,2015-10-30,Bought,0.0,0.0,0.0,0,0.0,41550.15
1251,2015-11-02,Hold,0.0,0.0,0.0,0,0.0,41550.15
1252,2015-11-03,Hold,0.0,0.0,0.0,0,0.0,41550.15
1253,2015-11-04,Hold,0.0,0.0,0.0,0,0.0,41550.15
1254,2015-11-05,Hold,0.0,0.0,0.0,0,0.0,41550.15
1255,2015-11-06,Sold,132.8,135.55,2.75,312,858.0,42408.15
1256,2015-11-09,No trade,0.0,0.0,0.0,0,0.0,42408.15
1257,2015-11-10,No trade,0.0,0.0,0.0,0,0.0,42408.15
1258,2015-11-13,No trade,0.0,0.0,0.0,0,0.0,42408.15
1259,2015-11-16,Bought,0.0,0.0,0.0,0,0.0,42408.15
1260,2015-11-17,Hold,0.0,0.0,0.0,0,0.0,42408.15
1261,2015-11-18,Hold,0.0,0.0,0.0,0,0.0,42408.15
1262,2015-11-19,Hold,0.0,0.0,0.0,0,0.0,42408.15
1263,2015-11-20,Hold,0.0,0.0,0.0,0,0.0,42408.15
1264,2015-11-23,Sold,131.2,133.1,1.9,323,613.7,43021.85
1265,2015-11-24,No trade,0.0,0.0,0.0,0,0.0,43021.85
1266,2015-11-26,Bought,0.0,0.0,0.0,0,0.0,43021.85
1267,2015-11-27,Hold,0.0,0.0,0.0,0,0.0,43021.85
1268,2015-11-30,Sold,132.9,130.9,-2.0,323,-646.0,42375.85
1269,2015-12-01,Bought,0.0,0.0,0.0,0,0.0,42375.85
1270,2015-12-02,Hold,0.0,0.0,0.0,0,0.0,42375.85
1271,2015-12-03,Hold,0.0,0.0,0.0,0,0.0,42375.85
1272,2015-12-04,Sold,132.65,130.4,-2.25,319,-717.75,41658.1
1273,2015-12-07,No trade,0.0,0.0,0.0,0,0.0,41658.1
1274,2015-12-08,No trade,0.0,0.0,0.0,0,0.0,41658.1
1275,2015-12-09,No trade,0.0,0.0,0.0,0,0.0,41658.1
1276,2015-12-10,Bought,0.0,0.0,0.0,0,0.0,41658.1
1277,2015-12-11,Hold,0.0,0.0,0.0,0,0.0,41658.1
1278,2015-12-14,Hold,0.0,0.0,0.0,0,0.0,41658.1
1279,2015-12-15,Sold,133.2,131.8,-1.4,312,-436.8,41221.3
1280,2015-12-16,Bought,0.0,0.0,0.0,0,0.0,41221.3
1281,2015-12-17,Hold,0.0,0.0,0.0,0,0.0,41221.3
1282,2015-12-18,Hold,0.0,0.0,0.0,0,0.0,41221.3
1283,2015-12-21,Sold,133.55,136.4,2.85,308,877.8,42099.1
1284,2015-12-22,No trade,0.0,0.0,0.0,0,0.0,42099.1
1285,2015-12-23,No trade,0.0,0.0,0.0,0,0.0,42099.1
1286,2015-12-24,No trade,0.0,0.0,0.0,0,0.0,42099.1
1287,2015-12-28,No trade,0.0,0.0,0.0,0,0.0,42099.1
1288,2015-12-29,No trade,0.0,0.0,0.0,0,0.0,42099.1
1289,2015-12-30,No trade,0.0,0.0,0.0,0,0.0,42099.1
1290,2015-12-31,No trade,0.0,0.0,0.0,0,0.0,42099.1
1291,2016-01-01,No trade,0.0,0.0,0.0,0,0.0,42099.1
1292,2016-01-04,No trade,0.0,0.0,0.0,0,0.0,42099.1
1293,2016-01-05,No trade,0.0,0.0,0.0,0,0.0,42099.1
1294,2016-01-06,Bought,0.0,0.0,0.0,0,0.0,42099.1
1295,2016-01-07,Hold,0.0,0.0,0.0,0,0.0,42099.1
1296,2016-01-08,Hold,0.0,0.0,0.0,0,0.0,42099.1
1297,2016-01-11,Hold,0.0,0.0,0.0,0,0.0,42099.1
1298,2016-01-12,Hold,0.0,0.0,0.0,0,0.0,42099.1
1299,2016-01-13,Hold,0.0,0.0,0.0,0,0.0,42099.1
1300,2016-01-14,Sold,141.45,143.2,1.75,297,519.75,42618.85
1301,2016-01-15,No trade,0.0,0.0,0.0,0,0.0,42618.85
1302,2016-01-18,No trade,0.0,0.0,0.0,0,0.0,42618.85
1303,2016-01-19,No trade,0.0,0.0,0.0,0,0.0,42618.85
1304,2016-01-20,No trade,0.0,0.0,0.0,0,0.0,42618.85
1305,2016-01-21,Bought,0.0,0.0,0.0,0,0.0,42618.85
1306,2016-01-22,Hold,0.0,0.0,0.0,0,0.0,42618.85
1307,2016-01-25,Hold,0.0,0.0,0.0,0,0.0,42618.85
1308,2016-01-27,Hold,0.0,0.0,0.0,0,0.0,42618.85
1309,2016-01-28,Sold,133.0,144.25,11.25,320,3600.0,46218.85
1310,2016-01-29,No trade,0.0,0.0,0.0,0,0.0,46218.85
1311,2016-02-01,No trade,0.0,0.0,0.0,0,0.0,46218.85
1312,2016-02-02,No trade,0.0,0.0,0.0,0,0.0,46218.85
1313,2016-02-03,No trade,0.0,0.0,0.0,0,0.0,46218.85
1314,2016-02-04,No trade,0.0,0.0,0.0,0,0.0,46218.85
1315,2016-02-05,Bought,0.0,0.0,0.0,0,0.0,46218.85
1316,2016-02-08,Hold,0.0,0.0,0.0,0,0.0,46218.85
1317,2016-02-09,Hold,0.0,0.0,0.0,0,0.0,46218.85
1318,2016-02-10,Hold,0.0,0.0,0.0,0,0.0,46218.85
1319,2016-02-11,Sold,124.8,120.95,-3.85,370,-1424.5,44794.35
1320,2016-02-12,Bought,0.0,0.0,0.0,0,0.0,44794.35
1321,2016-02-15,Hold,0.0,0.0,0.0,0,0.0,44794.35
1322,2016-02-16,Hold,0.0,0.0,0.0,0,0.0,44794.35
1323,2016-02-17,Sold,123.95,128.0,4.05,361,1462.05,46256.4
1324,2016-02-18,No trade,0.0,0.0,0.0,0,0.0,46256.4
1325,2016-02-19,No trade,0.0,0.0,0.0,0,0.0,46256.4
1326,2016-02-22,No trade,0.0,0.0,0.0,0,0.0,46256.4
1327,2016-02-23,No trade,0.0,0.0,0.0,0,0.0,46256.4
1328,2016-02-24,No trade,0.0,0.0,0.0,0,0.0,46256.4
1329,2016-02-25,Bought,0.0,0.0,0.0,0,0.0,46256.4
1330,2016-02-26,Hold,0.0,0.0,0.0,0,0.0,46256.4
1331,2016-02-29,Hold,0.0,0.0,0.0,0,0.0,46256.4
1332,2016-03-01,Hold,0.0,0.0,0.0,0,0.0,46256.4
1333,2016-03-02,Hold,0.0,0.0,0.0,0,0.0,46256.4
1334,2016-03-03,Sold,118.5,126.4,7.9,390,3081.0,49337.4
1335,2016-03-04,No trade,0.0,0.0,0.0,0,0.0,49337.4
1336,2016-03-08,No trade,0.0,0.0,0.0,0,0.0,49337.4
1337,2016-03-09,No trade,0.0,0.0,0.0,0,0.0,49337.4
1338,2016-03-10,No trade,0.0,0.0,0.0,0,0.0,49337.4
1339,2016-03-11,No trade,0.0,0.0,0.0,0,0.0,49337.4
1340,2016-03-14,Bought,0.0,0.0,0.0,0,0.0,49337.4
1341,2016-03-15,Hold,0.0,0.0,0.0,0,0.0,49337.4
1342,2016-03-16,Hold,0.0,0.0,0.0,0,0.0,49337.4
1343,2016-03-17,Sold,127.4,126.85,-0.55,387,-212.85,49124.55
1344,2016-03-18,Bought,0.0,0.0,0.0,0,0.0,49124.55
1345,2016-03-21,Sold,127.45,127.15,-0.3,385,-115.5,49009.05
1346,2016-03-22,Bought,0.0,0.0,0.0,0,0.0,49009.05
1347,2016-03-23,Sold,128.25,127.35,-0.9,382,-343.8,48665.25
1348,2016-03-28,Bought,0.0,0.0,0.0,0,0.0,48665.25
1349,2016-03-29,Sold,129.15,127.3,-1.85,376,-695.6,47969.65
1350,2016-03-30,Bought,0.0,0.0,0.0,0,0.0,47969.65
1351,2016-03-31,Sold,129.9,128.85,-1.05,369,-387.45,47582.2
1352,2016-04-01,Bought,0.0,0.0,0.0,0,0.0,47582.2
1353,2016-04-04,Hold,0.0,0.0,0.0,0,0.0,47582.2
1354,2016-04-05,Sold,129.95,126.85,-3.1,366,-1134.6,46447.6
1355,2016-04-06,No trade,0.0,0.0,0.0,0,0.0,46447.6
1356,2016-04-07,No trade,0.0,0.0,0.0,0,0.0,46447.6
1357,2016-04-08,Bought,0.0,0.0,0.0,0,0.0,46447.6
1358,2016-04-11,Hold,0.0,0.0,0.0,0,0.0,46447.6
1359,2016-04-12,Hold,0.0,0.0,0.0,0,0.0,46447.6
1360,2016-04-13,Hold,0.0,0.0,0.0,0,0.0,46447.6
1361,2016-04-18,Sold,131.55,139.5,7.95,353,2806.35,49253.95
1362,2016-04-20,No trade,0.0,0.0,0.0,0,0.0,49253.95
1363,2016-04-21,No trade,0.0,0.0,0.0,0,0.0,49253.95
1364,2016-04-22,No trade,0.0,0.0,0.0,0,0.0,49253.95
1365,2016-04-25,No trade,0.0,0.0,0.0,0,0.0,49253.95
1366,2016-04-26,No trade,0.0,0.0,0.0,0,0.0,49253.95
1367,2016-04-27,No trade,0.0,0.0,0.0,0,0.0,49253.95
1368,2016-04-28,No trade,0.0,0.0,0.0,0,0.0,49253.95
1369,2016-04-29,Bought,0.0,0.0,0.0,0,0.0,49253.95
1370,2016-05-02,Hold,0.0,0.0,0.0,0,0.0,49253.95
1371,2016-05-03,Sold,139.3,136.55,-2.75,353,-970.75,48283.2
1372,2016-05-04,Bought,0.0,0.0,0.0,0,0.0,48283.2
1373,2016-05-05,Hold,0.0,0.0,0.0,0,0.0,48283.2
1374,2016-05-06,Hold,0.0,0.0,0.0,0,0.0,48283.2
1375,2016-05-09,Hold,0.0,0.0,0.0,0,0.0,48283.2
1376,2016-05-10,Sold,138.8,140.65,1.85,347,641.95,48925.15
1377,2016-05-11,No trade,0.0,0.0,0.0,0,0.0,48925.15
1378,2016-05-12,No trade,0.0,0.0,0.0,0,0.0,48925.15
1379,2016-05-13,No trade,0.0,0.0,0.0,0,0.0,48925.15
1380,2016-05-16,No trade,0.0,0.0,0.0,0,0.0,48925.15
1381,2016-05-17,Bought,0.0,0.0,0.0,0,0.0,48925.15
1382,2016-05-18,Hold,0.0,0.0,0.0,0,0.0,48925.15
1383,2016-05-19,Hold,0.0,0.0,0.0,0,0.0,48925.15
1384,2016-05-20,Hold,0.0,0.0,0.0,0,0.0,48925.15
1385,2016-05-23,Hold,0.0,0.0,0.0,0,0.0,48925.15
1386,2016-05-24,Hold,0.0,0.0,0.0,0,0.0,48925.15
1387,2016-05-25,Hold,0.0,0.0,0.0,0,0.0,48925.15
1388,2016-05-26,Sold,137.0,141.2,4.2,357,1499.4,50424.55
1389,2016-05-27,No trade,0.0,0.0,0.0,0,0.0,50424.55
1390,2016-05-30,Bought,0.0,0.0,0.0,0,0.0,50424.55
1391,2016-05-31,Sold,143.6,143.15,-0.45,351,-157.95,50266.6
1392,2016-06-01,Bought,0.0,0.0,0.0,0,0.0,50266.6
1393,2016-06-02,Hold,0.0,0.0,0.0,0,0.0,50266.6
1394,2016-06-03,Hold,0.0,0.0,0.0,0,0.0,50266.6
1395,2016-06-06,Sold,144.6,147.1,2.5,347,867.5,51134.1
1396,2016-06-07,Bought,0.0,0.0,0.0,0,0.0,51134.1
1397,2016-06-08,Sold,148.45,148.15,-0.3,344,-103.2,51030.9
1398,2016-06-09,Bought,0.0,0.0,0.0,0,0.0,51030.9
1399,2016-06-10,Hold,0.0,0.0,0.0,0,0.0,51030.9
1400,2016-06-13,Sold,151.05,148.75,-2.3,337,-775.1,50255.8
1401,2016-06-14,No trade,0.0,0.0,0.0,0,0.0,50255.8
1402,2016-06-15,Bought,0.0,0.0,0.0,0,0.0,50255.8
1403,2016-06-16,Sold,154.15,151.8,-2.35,326,-766.1,49489.7
1404,2016-06-17,Bought,0.0,0.0,0.0,0,0.0,49489.7
1405,2016-06-20,Hold,0.0,0.0,0.0,0,0.0,49489.7
1406,2016-06-21,Sold,152.3,151.8,-0.5,324,-162.0,49327.7
1407,2016-06-22,No trade,0.0,0.0,0.0,0,0.0,49327.7
1408,2016-06-23,No trade,0.0,0.0,0.0,0,0.0,49327.7
1409,2016-06-24,No trade,0.0,0.0,0.0,0,0.0,49327.7
1410,2016-06-27,Bought,0.0,0.0,0.0,0,0.0,49327.7
1411,2016-06-28,Hold,0.0,0.0,0.0,0,0.0,49327.7
1412,2016-06-29,Hold,0.0,0.0,0.0,0,0.0,49327.7
1413,2016-06-30,Hold,0.0,0.0,0.0,0,0.0,49327.7
1414,2016-07-01,Hold,0.0,0.0,0.0,0,0.0,49327.7
1415,2016-07-04,Sold,149.2,155.95,6.75,330,2227.5,51555.2
1416,2016-07-05,No trade,0.0,0.0,0.0,0,0.0,51555.2
1417,2016-07-07,No trade,0.0,0.0,0.0,0,0.0,51555.2
1418,2016-07-08,No trade,0.0,0.0,0.0,0,0.0,51555.2
1419,2016-07-11,Bought,0.0,0.0,0.0,0,0.0,51555.2
1420,2016-07-12,Hold,0.0,0.0,0.0,0,0.0,51555.2
1421,2016-07-13,Sold,157.65,157.65,0.0,327,0.0,51555.2
1422,2016-07-14,Bought,0.0,0.0,0.0,0,0.0,51555.2
1423,2016-07-15,Sold,158.7,156.25,-2.45,324,-793.8,50761.4
1424,2016-07-18,No trade,0.0,0.0,0.0,0,0.0,50761.4
1425,2016-07-19,No trade,0.0,0.0,0.0,0,0.0,50761.4
1426,2016-07-20,Bought,0.0,0.0,0.0,0,0.0,50761.4
1427,2016-07-21,Sold,157.35,154.9,-2.45,322,-788.9,49972.5
1428,2016-07-22,Bought,0.0,0.0,0.0,0,0.0,49972.5
1429,2016-07-25,Hold,0.0,0.0,0.0,0,0.0,49972.5
1430,2016-07-26,Hold,0.0,0.0,0.0,0,0.0,49972.5
1431,2016-07-27,Hold,0.0,0.0,0.0,0,0.0,49972.5
1432,2016-07-28,Sold,156.6,158.6,2.0,319,638.0,50610.5
1433,2016-07-29,No trade,0.0,0.0,0.0,0,0.0,50610.5
1434,2016-08-01,Bought,0.0,0.0,0.0,0,0.0,50610.5
1435,2016-08-02,Hold,0.0,0.0,0.0,0,0.0,50610.5
1436,2016-08-03,Sold,159.4,157.5,-1.9,317,-602.3,50008.2
1437,2016-08-04,Bought,0.0,0.0,0.0,0,0.0,50008.2
1438,2016-08-05,Hold,0.0,0.0,0.0,0,0.0,50008.2
1439,2016-08-08,Sold,159.05,159.85,0.8,314,251.2,50259.4
1440,2016-08-09,No trade,0.0,0.0,0.0,0,0.0,50259.4
1441,2016-08-10,No trade,0.0,0.0,0.0,0,0.0,50259.4
1442,2016-08-11,Bought,0.0,0.0,0.0,0,0.0,50259.4
1443,2016-08-12,Hold,0.0,0.0,0.0,0,0.0,50259.4
1444,2016-08-16,Hold,0.0,0.0,0.0,0,0.0,50259.4
1445,2016-08-17,Hold,0.0,0.0,0.0,0,0.0,50259.4
1446,2016-08-18,Hold,0.0,0.0,0.0,0,0.0,50259.4
1447,2016-08-19,Sold,159.55,166.75,7.2,315,2268.0,52527.4
1448,2016-08-22,No trade,0.0,0.0,0.0,0,0.0,52527.4
1449,2016-08-23,No trade,0.0,0.0,0.0,0,0.0,52527.4
1450,2016-08-24,Bought,0.0,0.0,0.0,0,0.0,52527.4
1451,2016-08-25,Sold,161.3,158.65,-2.65,325,-861.25,51666.15
1452,2016-08-26,No trade,0.0,0.0,0.0,0,0.0,51666.15
1453,2016-08-29,Bought,0.0,0.0,0.0,0,0.0,51666.15
1454,2016-08-30,Hold,0.0,0.0,0.0,0,0.0,51666.15
1455,2016-08-31,Sold,159.55,159.25,-0.3,323,-96.9,51569.25
1456,2016-09-01,No trade,0.0,0.0,0.0,0,0.0,51569.25
1457,2016-09-02,Bought,0.0,0.0,0.0,0,0.0,51569.25
1458,2016-09-06,Hold,0.0,0.0,0.0,0,0.0,51569.25
1459,2016-09-07,Sold,160.0,161.25,1.25,322,402.5,51971.75
1460,2016-09-08,No trade,0.0,0.0,0.0,0,0.0,51971.75
1461,2016-09-09,No trade,0.0,0.0,0.0,0,0.0,51971.75
1462,2016-09-12,No trade,0.0,0.0,0.0,0,0.0,51971.75
1463,2016-09-14,Bought,0.0,0.0,0.0,0,0.0,51971.75
1464,2016-09-15,Hold,0.0,0.0,0.0,0,0.0,51971.75
1465,2016-09-16,Hold,0.0,0.0,0.0,0,0.0,51971.75
1466,2016-09-19,Hold,0.0,0.0,0.0,0,0.0,51971.75
1467,2016-09-20,Sold,155.7,153.4,-2.3,333,-765.9,51205.85
1468,2016-09-21,Bought,0.0,0.0,0.0,0,0.0,51205.85
1469,2016-09-22,Hold,0.0,0.0,0.0,0,0.0,51205.85
1470,2016-09-23,Hold,0.0,0.0,0.0,0,0.0,51205.85
1471,2016-09-26,Sold,154.0,152.15,-1.85,332,-614.2,50591.65
1472,2016-09-27,No trade,0.0,0.0,0.0,0,0.0,50591.65
1473,2016-09-28,No trade,0.0,0.0,0.0,0,0.0,50591.65
1474,2016-09-29,No trade,0.0,0.0,0.0,0,0.0,50591.65
1475,2016-09-30,No trade,0.0,0.0,0.0,0,0.0,50591.65
1476,2016-10-03,Bought,0.0,0.0,0.0,0,0.0,50591.65
1477,2016-10-04,Hold,0.0,0.0,0.0,0,0.0,50591.65
1478,2016-10-05,Hold,0.0,0.0,0.0,0,0.0,50591.65
1479,2016-10-06,Sold,150.6,148.95,-1.65,335,-552.75,50038.9
1480,2016-10-07,No trade,0.0,0.0,0.0,0,0.0,50038.9
1481,2016-10-10,No trade,0.0,0.0,0.0,0,0.0,50038.9
1482,2016-10-13,No trade,0.0,0.0,0.0,0,0.0,50038.9
1483,2016-10-14,Bought,0.0,0.0,0.0,0,0.0,50038.9
1484,2016-10-17,Hold,0.0,0.0,0.0,0,0.0,50038.9
1485,2016-10-18,Hold,0.0,0.0,0.0,0,0.0,50038.9
1486,2016-10-19,Hold,0.0,0.0,0.0,0,0.0,50038.9
1487,2016-10-20,Hold,0.0,0.0,0.0,0,0.0,50038.9
1488,2016-10-21,Sold,145.0,149.5,4.5,345,1552.5,51591.4
1489,2016-10-24,No trade,0.0,0.0,0.0,0,0.0,51591.4
1490,2016-10-25,No trade,0.0,0.0,0.0,0,0.0,51591.4
1491,2016-10-26,No trade,0.0,0.0,0.0,0,0.0,51591.4
1492,2016-10-27,No trade,0.0,0.0,0.0,0,0.0,51591.4
1493,2016-10-28,Bought,0.0,0.0,0.0,0,0.0,51591.4
1494,2016-11-01,Hold,0.0,0.0,0.0,0,0.0,51591.4
1495,2016-11-02,Hold,0.0,0.0,0.0,0,0.0,51591.4
1496,2016-11-03,Sold,152.25,153.05,0.8,338,270.4,51861.8
1497,2016-11-04,No trade,0.0,0.0,0.0,0,0.0,51861.8
1498,2016-11-07,Bought,0.0,0.0,0.0,0,0.0,51861.8
1499,2016-11-08,Sold,155.1,154.15,-0.95,334,-317.3,51544.5
1500,2016-11-09,Bought,0.0,0.0,0.0,0,0.0,51544.5
1501,2016-11-10,Hold,0.0,0.0,0.0,0,0.0,51544.5
1502,2016-11-11,Sold,154.1,151.7,-2.4,334,-801.6,50742.9
1503,2016-11-15,No trade,0.0,0.0,0.0,0,0.0,50742.9
1504,2016-11-16,No trade,0.0,0.0,0.0,0,0.0,50742.9
1505,2016-11-17,Bought,0.0,0.0,0.0,0,0.0,50742.9
1506,2016-11-18,Hold,0.0,0.0,0.0,0,0.0,50742.9
1507,2016-11-21,Sold,151.8,154.9,3.1,334,1035.4,51778.3
1508,2016-11-22,No trade,0.0,0.0,0.0,0,0.0,51778.3
1509,2016-11-23,Bought,0.0,0.0,0.0,0,0.0,51778.3
1510,2016-11-24,Sold,159.85,157.0,-2.85,323,-920.55,50857.75
1511,2016-11-25,Bought,0.0,0.0,0.0,0,0.0,50857.75
1512,2016-11-28,Hold,0.0,0.0,0.0,0,0.0,50857.75
1513,2016-11-29,Sold,161.5,163.0,1.5,314,471.0,51328.75
1514,2016-11-30,No trade,0.0,0.0,0.0,0,0.0,51328.75
1515,2016-12-01,No trade,0.0,0.0,0.0,0,0.0,51328.75
1516,2016-12-02,No trade,0.0,0.0,0.0,0,0.0,51328.75
1517,2016-12-05,Bought,0.0,0.0,0.0,0,0.0,51328.75
1518,2016-12-06,Hold,0.0,0.0,0.0,0,0.0,51328.75
1519,2016-12-07,Hold,0.0,0.0,0.0,0,0.0,51328.75
1520,2016-12-08,Hold,0.0,0.0,0.0,0,0.0,51328.75
1521,2016-12-09,Hold,0.0,0.0,0.0,0,0.0,51328.75
1522,2016-12-12,Hold,0.0,0.0,0.0,0,0.0,51328.75
1523,2016-12-13,Sold,162.45,164.8,2.35,315,740.25,52069.0
1524,2016-12-14,No trade,0.0,0.0,0.0,0,0.0,52069.0
1525,2016-12-15,No trade,0.0,0.0,0.0,0,0.0,52069.0
1526,2016-12-16,No trade,0.0,0.0,0.0,0,0.0,52069.0
1527,2016-12-19,Bought,0.0,0.0,0.0,0,0.0,52069.0
1528,2016-12-20,Hold,0.0,0.0,0.0,0,0.0,52069.0
1529,2016-12-21,Hold,0.0,0.0,0.0,0,0.0,52069.0
1530,2016-12-22,Sold,159.9,160.5,0.6,325,195.0,52264.0
1531,2016-12-23,No trade,0.0,0.0,0.0,0,0.0,52264.0
1532,2016-12-26,No trade,0.0,0.0,0.0,0,0.0,52264.0
1533,2016-12-27,No trade,0.0,0.0,0.0,0,0.0,52264.0
1534,2016-12-28,Bought,0.0,0.0,0.0,0,0.0,52264.0
1535,2016-12-29,Hold,0.0,0.0,0.0,0,0.0,52264.0
1536,2016-12-30,Hold,0.0,0.0,0.0,0,0.0,52264.0
1537,2017-01-02,Hold,0.0,0.0,0.0,0,0.0,52264.0
1538,2017-01-03,Sold,160.75,165.45,4.7,325,1527.5,53791.5
1539,2017-01-04,No trade,0.0,0.0,0.0,0,0.0,53791.5
1540,2017-01-05,No trade,0.0,0.0,0.0,0,0.0,53791.5
1541,2017-01-06,No trade,0.0,0.0,0.0,0,0.0,53791.5
1542,2017-01-09,No trade,0.0,0.0,0.0,0,0.0,53791.5
1543,2017-01-10,Bought,0.0,0.0,0.0,0,0.0,53791.5
1544,2017-01-11,Hold,0.0,0.0,0.0,0,0.0,53791.5
1545,2017-01-12,Hold,0.0,0.0,0.0,0,0.0,53791.5
1546,2017-01-13,Sold,162.3,171.0,8.7,331,2879.7,56671.2
1547,2017-01-16,No trade,0.0,0.0,0.0,0,0.0,56671.2
1548,2017-01-17,Bought,0.0,0.0,0.0,0,0.0,56671.2
1549,2017-01-18,Sold,175.7,172.75,-2.95,322,-949.9,55721.3
1550,2017-01-19,No trade,0.0,0.0,0.0,0,0.0,55721.3
1551,2017-01-20,No trade,0.0,0.0,0.0,0,0.0,55721.3
1552,2017-01-23,No trade,0.0,0.0,0.0,0,0.0,55721.3
1553,2017-01-24,Bought,0.0,0.0,0.0,0,0.0,55721.3
1554,2017-01-25,Hold,0.0,0.0,0.0,0,0.0,55721.3
1555,2017-01-27,Hold,0.0,0.0,0.0,0,0.0,55721.3
1556,2017-01-30,Hold,0.0,0.0,0.0,0,0.0,55721.3
1557,2017-01-31,Sold,172.35,172.35,0.0,323,0.0,55721.3
1558,2017-02-01,No trade,0.0,0.0,0.0,0,0.0,55721.3
1559,2017-02-02,Bought,0.0,0.0,0.0,0,0.0,55721.3
1560,2017-02-03,Hold,0.0,0.0,0.0,0,0.0,55721.3
1561,2017-02-06,Hold,0.0,0.0,0.0,0,0.0,55721.3
1562,2017-02-07,Hold,0.0,0.0,0.0,0,0.0,55721.3
1563,2017-02-08,Sold,172.55,171.9,-0.65,322,-209.3,55512.0
1564,2017-02-09,No trade,0.0,0.0,0.0,0,0.0,55512.0
1565,2017-02-10,Bought,0.0,0.0,0.0,0,0.0,55512.0
1566,2017-02-13,Hold,0.0,0.0,0.0,0,0.0,55512.0
1567,2017-02-14,Hold,0.0,0.0,0.0,0,0.0,55512.0
1568,2017-02-15,Sold,170.35,169.05,-1.3,325,-422.5,55089.5
1569,2017-02-16,No trade,0.0,0.0,0.0,0,0.0,55089.5
1570,2017-02-17,No trade,0.0,0.0,0.0,0,0.0,55089.5
1571,2017-02-20,Bought,0.0,0.0,0.0,0,0.0,55089.5
1572,2017-02-21,Hold,0.0,0.0,0.0,0,0.0,55089.5
1573,2017-02-22,Sold,171.8,166.7,-5.1,320,-1632.0,53457.5
1574,2017-02-23,No trade,0.0,0.0,0.0,0,0.0,53457.5
1575,2017-02-27,No trade,0.0,0.0,0.0,0,0.0,53457.5
1576,2017-02-28,No trade,0.0,0.0,0.0,0,0.0,53457.5
1577,2017-03-01,Bought,0.0,0.0,0.0,0,0.0,53457.5
1578,2017-03-02,Hold,0.0,0.0,0.0,0,0.0,53457.5
1579,2017-03-03,Hold,0.0,0.0,0.0,0,0.0,53457.5
1580,2017-03-06,Hold,0.0,0.0,0.0,0,0.0,53457.5
1581,2017-03-07,Hold,0.0,0.0,0.0,0,0.0,53457.5
1582,2017-03-08,Hold,0.0,0.0,0.0,0,0.0,53457.5
1583,2017-03-09,Hold,0.0,0.0,0.0,0,0.0,53457.5
1584,2017-03-10,Sold,159.95,157.1,-2.85,334,-951.9,52505.6
1585,2017-03-14,Bought,0.0,0.0,0.0,0,0.0,52505.6
1586,2017-03-15,Sold,159.6,158.65,-0.95,328,-311.6,52194.0
1587,2017-03-16,Bought,0.0,0.0,0.0,0,0.0,52194.0
1588,2017-03-17,Sold,161.25,159.95,-1.3,323,-419.9,51774.1
1589,2017-03-20,Bought,0.0,0.0,0.0,0,0.0,51774.1
1590,2017-03-21,Hold,0.0,0.0,0.0,0,0.0,51774.1
1591,2017-03-22,Sold,161.4,160.75,-0.65,320,-208.0,51566.1
1592,2017-03-23,Bought,0.0,0.0,0.0,0,0.0,51566.1
1593,2017-03-24,Hold,0.0,0.0,0.0,0,0.0,51566.1
1594,2017-03-27,Sold,164.4,163.35,-1.05,313,-328.65,51237.45
1595,2017-03-28,Bought,0.0,0.0,0.0,0,0.0,51237.45
1596,2017-03-29,Sold,164.9,163.95,-0.95,310,-294.5,50942.95
1597,2017-03-30,No trade,0.0,0.0,0.0,0,0.0,50942.95
1598,2017-03-31,Bought,0.0,0.0,0.0,0,0.0,50942.95
1599,2017-04-03,Sold,166.0,164.65,-1.35,306,-413.1,50529.85
1600,2017-04-05,Bought,0.0,0.0,0.0,0,0.0,50529.85
1601,2017-04-06,Hold,0.0,0.0,0.0,0,0.0,50529.85
1602,2017-04-07,Hold,0.0,0.0,0.0,0,0.0,50529.85
1603,2017-04-10,Sold,166.5,166.75,0.25,303,75.75,50605.6
1604,2017-04-11,No trade,0.0,0.0,0.0,0,0.0,50605.6
1605,2017-04-12,No trade,0.0,0.0,0.0,0,0.0,50605.6
1606,2017-04-13,No trade,0.0,0.0,0.0,0,0.0,50605.6
1607,2017-04-17,Bought,0.0,0.0,0.0,0,0.0,50605.6
1608,2017-04-18,Hold,0.0,0.0,0.0,0,0.0,50605.6
1609,2017-04-19,Hold,0.0,0.0,0.0,0,0.0,50605.6
1610,2017-04-20,Hold,0.0,0.0,0.0,0,0.0,50605.6
1611,2017-04-21,Hold,0.0,0.0,0.0,0,0.0,50605.6
1612,2017-04-24,Sold,159.3,166.55,7.25,317,2298.25,52903.85
1613,2017-04-25,No trade,0.0,0.0,0.0,0,0.0,52903.85
1614,2017-04-26,No trade,0.0,0.0,0.0,0,0.0,52903.85
1615,2017-04-27,No trade,0.0,0.0,0.0,0,0.0,52903.85
1616,2017-04-28,No trade,0.0,0.0,0.0,0,0.0,52903.85
1617,2017-05-02,No trade,0.0,0.0,0.0,0,0.0,52903.85
1618,2017-05-03,No trade,0.0,0.0,0.0,0,0.0,52903.85
1619,2017-05-04,Bought,0.0,0.0,0.0,0,0.0,52903.85
1620,2017-05-05,Sold,162.65,159.7,-2.95,325,-958.75,51945.1
1621,2017-05-08,Bought,0.0,0.0,0.0,0,0.0,51945.1
1622,2017-05-09,Hold,0.0,0.0,0.0,0,0.0,51945.1
1623,2017-05-10,Hold,0.0,0.0,0.0,0,0.0,51945.1
1624,2017-05-11,Sold,160.6,160.25,-0.35,323,-113.05,51832.05
1625,2017-05-12,No trade,0.0,0.0,0.0,0,0.0,51832.05
1626,2017-05-15,Bought,0.0,0.0,0.0,0,0.0,51832.05
1627,2017-05-16,Hold,0.0,0.0,0.0,0,0.0,51832.05
1628,2017-05-17,Sold,159.75,158.9,-0.85,324,-275.4,51556.65
1629,2017-05-18,No trade,0.0,0.0,0.0,0,0.0,51556.65
1630,2017-05-19,Bought,0.0,0.0,0.0,0,0.0,51556.65
1631,2017-05-22,Sold,159.1,158.2,-0.9,324,-291.6,51265.05
1632,2017-05-23,No trade,0.0,0.0,0.0,0,0.0,51265.05
1633,2017-05-24,No trade,0.0,0.0,0.0,0,0.0,51265.05
1634,2017-05-25,No trade,0.0,0.0,0.0,0,0.0,51265.05
1635,2017-05-26,No trade,0.0,0.0,0.0,0,0.0,51265.05
1636,2017-05-29,Bought,0.0,0.0,0.0,0,0.0,51265.05
1637,2017-05-30,Hold,0.0,0.0,0.0,0,0.0,51265.05
1638,2017-05-31,Hold,0.0,0.0,0.0,0,0.0,51265.05
1639,2017-06-01,Sold,156.5,160.65,4.15,327,1357.05,52622.1
1640,2017-06-02,Bought,0.0,0.0,0.0,0,0.0,52622.1
1641,2017-06-05,Sold,162.6,162.6,0.0,323,0.0,52622.1
1642,2017-06-06,No trade,0.0,0.0,0.0,0,0.0,52622.1
1643,2017-06-07,No trade,0.0,0.0,0.0,0,0.0,52622.1
1644,2017-06-08,No trade,0.0,0.0,0.0,0,0.0,52622.1
1645,2017-06-09,No trade,0.0,0.0,0.0,0,0.0,52622.1
1646,2017-06-12,Bought,0.0,0.0,0.0,0,0.0,52622.1
1647,2017-06-13,Hold,0.0,0.0,0.0,0,0.0,52622.1
1648,2017-06-14,Hold,0.0,0.0,0.0,0,0.0,52622.1
1649,2017-06-15,Sold,157.95,159.05,1.1,333,366.3,52988.4
1650,2017-06-16,Bought,0.0,0.0,0.0,0,0.0,52988.4
1651,2017-06-19,Hold,0.0,0.0,0.0,0,0.0,52988.4
1652,2017-06-20,Sold,160.6,158.95,-1.65,329,-542.85,52445.55
1653,2017-06-21,No trade,0.0,0.0,0.0,0,0.0,52445.55
1654,2017-06-22,No trade,0.0,0.0,0.0,0,0.0,52445.55
1655,2017-06-23,No trade,0.0,0.0,0.0,0,0.0,52445.55
1656,2017-06-27,Bought,0.0,0.0,0.0,0,0.0,52445.55
1657,2017-06-28,Hold,0.0,0.0,0.0,0,0.0,52445.55
1658,2017-06-29,Hold,0.0,0.0,0.0,0,0.0,52445.55
1659,2017-06-30,Hold,0.0,0.0,0.0,0,0.0,52445.55
1660,2017-07-03,Sold,157.9,156.75,-1.15,332,-381.8,52063.75
1661,2017-07-04,Bought,0.0,0.0,0.0,0,0.0,52063.75
1662,2017-07-05,Hold,0.0,0.0,0.0,0,0.0,52063.75
1663,2017-07-06,Sold,158.05,158.05,0.0,329,0.0,52063.75
1664,2017-07-07,Bought,0.0,0.0,0.0,0,0.0,52063.75
1665,2017-07-10,Hold,0.0,0.0,0.0,0,0.0,52063.75
1666,2017-07-11,Hold,0.0,0.0,0.0,0,0.0,52063.75
1667,2017-07-12,Sold,159.05,164.05,5.0,327,1635.0,53698.75
1668,2017-07-13,No trade,0.0,0.0,0.0,0,0.0,53698.75
1669,2017-07-14,No trade,0.0,0.0,0.0,0,0.0,53698.75
1670,2017-07-17,No trade,0.0,0.0,0.0,0,0.0,53698.75
1671,2017-07-18,No trade,0.0,0.0,0.0,0,0.0,53698.75
1672,2017-07-19,No trade,0.0,0.0,0.0,0,0.0,53698.75
1673,2017-07-20,No trade,0.0,0.0,0.0,0,0.0,53698.75
1674,2017-07-21,No trade,0.0,0.0,0.0,0,0.0,53698.75
1675,2017-07-24,No trade,0.0,0.0,0.0,0,0.0,53698.75
1676,2017-07-25,Bought,0.0,0.0,0.0,0,0.0,53698.75
1677,2017-07-26,Hold,0.0,0.0,0.0,0,0.0,53698.75
1678,2017-07-27,Hold,0.0,0.0,0.0,0,0.0,53698.75
1679,2017-07-28,Sold,163.9,163.9,0.0,327,0.0,53698.75
1680,2017-07-31,No trade,0.0,0.0,0.0,0,0.0,53698.75
1681,2017-08-01,Bought,0.0,0.0,0.0,0,0.0,53698.75
1682,2017-08-02,Hold,0.0,0.0,0.0,0,0.0,53698.75
1683,2017-08-03,Hold,0.0,0.0,0.0,0,0.0,53698.75
1684,2017-08-04,Hold,0.0,0.0,0.0,0,0.0,53698.75
1685,2017-08-07,Sold,165.2,174.45,9.25,325,3006.25,56705.0
1686,2017-08-08,No trade,0.0,0.0,0.0,0,0.0,56705.0
1687,2017-08-09,No trade,0.0,0.0,0.0,0,0.0,56705.0
1688,2017-08-10,No trade,0.0,0.0,0.0,0,0.0,56705.0
1689,2017-08-11,No trade,0.0,0.0,0.0,0,0.0,56705.0
1690,2017-08-14,Bought,0.0,0.0,0.0,0,0.0,56705.0
1691,2017-08-16,Sold,171.75,170.1,-1.65,330,-544.5,56160.5
1692,2017-08-17,Bought,0.0,0.0,0.0,0,0.0,56160.5
1693,2017-08-18,Sold,176.8,173.4,-3.4,317,-1077.8,55082.7
1694,2017-08-21,No trade,0.0,0.0,0.0,0,0.0,55082.7
1695,2017-08-22,No trade,0.0,0.0,0.0,0,0.0,55082.7
1696,2017-08-23,Bought,0.0,0.0,0.0,0,0.0,55082.7
1697,2017-08-24,Hold,0.0,0.0,0.0,0,0.0,55082.7
1698,2017-08-28,Hold,0.0,0.0,0.0,0,0.0,55082.7
1699,2017-08-29,Sold,170.25,168.4,-1.85,323,-597.55,54485.15
1700,2017-08-30,No trade,0.0,0.0,0.0,0,0.0,54485.15
1701,2017-08-31,No trade,0.0,0.0,0.0,0,0.0,54485.15
1702,2017-09-01,No trade,0.0,0.0,0.0,0,0.0,54485.15
1703,2017-09-04,Bought,0.0,0.0,0.0,0,0.0,54485.15
1704,2017-09-05,Hold,0.0,0.0,0.0,0,0.0,54485.15
1705,2017-09-06,Hold,0.0,0.0,0.0,0,0.0,54485.15
1706,2017-09-07,Hold,0.0,0.0,0.0,0,0.0,54485.15
1707,2017-09-08,Sold,168.25,167.75,-0.5,323,-161.5,54323.65
1708,2017-09-11,Bought,0.0,0.0,0.0,0,0.0,54323.65
1709,2017-09-12,Hold,0.0,0.0,0.0,0,0.0,54323.65
1710,2017-09-13,Sold,170.55,168.95,-1.6,318,-508.8,53814.85
1711,2017-09-14,No trade,0.0,0.0,0.0,0,0.0,53814.85
1712,2017-09-15,No trade,0.0,0.0,0.0,0,0.0,53814.85
1713,2017-09-18,Bought,0.0,0.0,0.0,0,0.0,53814.85
1714,2017-09-19,Hold,0.0,0.0,0.0,0,0.0,53814.85
1715,2017-09-20,Sold,168.0,167.8,-0.2,320,-64.0,53750.85
1716,2017-09-21,Bought,0.0,0.0,0.0,0,0.0,53750.85
1717,2017-09-22,Sold,168.2,166.0,-2.2,319,-701.8,53049.05
1718,2017-09-25,No trade,0.0,0.0,0.0,0,0.0,53049.05
1719,2017-09-26,Bought,0.0,0.0,0.0,0,0.0,53049.05
1720,2017-09-27,Sold,166.95,165.0,-1.95,317,-618.15,52430.9
1721,2017-09-28,Bought,0.0,0.0,0.0,0,0.0,52430.9
1722,2017-09-29,Hold,0.0,0.0,0.0,0,0.0,52430.9
1723,2017-10-03,Hold,0.0,0.0,0.0,0,0.0,52430.9
1724,2017-10-04,Sold,166.05,168.05,2.0,315,630.0,53060.9
1725,2017-10-05,Bought,0.0,0.0,0.0,0,0.0,53060.9
1726,2017-10-06,Sold,171.1,176.05,4.95,310,1534.5,54595.4
1727,2017-10-09,No trade,0.0,0.0,0.0,0,0.0,54595.4
1728,2017-10-10,No trade,0.0,0.0,0.0,0,0.0,54595.4
1729,2017-10-11,No trade,0.0,0.0,0.0,0,0.0,54595.4
1730,2017-10-12,Bought,0.0,0.0,0.0,0,0.0,54595.4
1731,2017-10-13,Sold,176.7,175.85,-0.85,308,-261.8,54333.6
1732,2017-10-16,No trade,0.0,0.0,0.0,0,0.0,54333.6
1733,2017-10-17,Bought,0.0,0.0,0.0,0,0.0,54333.6
1734,2017-10-18,Hold,0.0,0.0,0.0,0,0.0,54333.6
1735,2017-10-19,Sold,175.9,175.05,-0.85,308,-261.8,54071.8
1736,2017-10-23,Bought,0.0,0.0,0.0,0,0.0,54071.8
1737,2017-10-24,Hold,0.0,0.0,0.0,0,0.0,54071.8
1738,2017-10-25,Hold,0.0,0.0,0.0,0,0.0,54071.8
1739,2017-10-26,Hold,0.0,0.0,0.0,0,0.0,54071.8
1740,2017-10-27,Sold,176.95,181.95,5.0,305,1525.0,55596.8
1741,2017-10-30,No trade,0.0,0.0,0.0,0,0.0,55596.8
1742,2017-10-31,No trade,0.0,0.0,0.0,0,0.0,55596.8
1743,2017-11-01,No trade,0.0,0.0,0.0,0,0.0,55596.8
1744,2017-11-02,Bought,0.0,0.0,0.0,0,0.0,55596.8
1745,2017-11-03,Hold,0.0,0.0,0.0,0,0.0,55596.8
1746,2017-11-06,Sold,180.25,179.25,-1.0,308,-308.0,55288.8
1747,2017-11-07,No trade,0.0,0.0,0.0,0,0.0,55288.8
1748,2017-11-08,No trade,0.0,0.0,0.0,0,0.0,55288.8
1749,2017-11-09,Bought,0.0,0.0,0.0,0,0.0,55288.8
1750,2017-11-10,Sold,178.05,176.55,-1.5,310,-465.0,54823.8
1751,2017-11-13,Bought,0.0,0.0,0.0,0,0.0,54823.8
1752,2017-11-14,Hold,0.0,0.0,0.0,0,0.0,54823.8
1753,2017-11-15,Sold,176.95,174.2,-2.75,309,-849.75,53974.05
1754,2017-11-16,Bought,0.0,0.0,0.0,0,0.0,53974.05
1755,2017-11-17,Hold,0.0,0.0,0.0,0,0.0,53974.05
1756,2017-11-20,Hold,0.0,0.0,0.0,0,0.0,53974.05
1757,2017-11-21,Hold,0.0,0.0,0.0,0,0.0,53974.05
1758,2017-11-22,Sold,176.45,181.85,5.4,305,1647.0,55621.05
1759,2017-11-23,No trade,0.0,0.0,0.0,0,0.0,55621.05
1760,2017-11-24,No trade,0.0,0.0,0.0,0,0.0,55621.05
1761,2017-11-27,Bought,0.0,0.0,0.0,0,0.0,55621.05
1762,2017-11-28,Sold,186.35,182.8,-3.55,298,-1057.9,54563.15
1763,2017-11-29,No trade,0.0,0.0,0.0,0,0.0,54563.15
1764,2017-11-30,No trade,0.0,0.0,0.0,0,0.0,54563.15
1765,2017-12-01,No trade,0.0,0.0,0.0,0,0.0,54563.15
1766,2017-12-04,Bought,0.0,0.0,0.0,0,0.0,54563.15
1767,2017-12-05,Hold,0.0,0.0,0.0,0,0.0,54563.15
1768,2017-12-06,Hold,0.0,0.0,0.0,0,0.0,54563.15
1769,2017-12-07,Hold,0.0,0.0,0.0,0,0.0,54563.15
1770,2017-12-08,Hold,0.0,0.0,0.0,0,0.0,54563.15
1771,2017-12-11,Sold,180.2,178.35,-1.85,302,-558.7,54004.45
1772,2017-12-12,No trade,0.0,0.0,0.0,0,0.0,54004.45
1773,2017-12-13,No trade,0.0,0.0,0.0,0,0.0,54004.45
1774,2017-12-14,Bought,0.0,0.0,0.0,0,0.0,54004.45
1775,2017-12-15,Hold,0.0,0.0,0.0,0,0.0,54004.45
1776,2017-12-18,Hold,0.0,0.0,0.0,0,0.0,54004.45
1777,2017-12-19,Hold,0.0,0.0,0.0,0,0.0,54004.45
1778,2017-12-20,Sold,177.3,178.45,1.15,304,349.6,54354.05
1779,2017-12-21,Bought,0.0,0.0,0.0,0,0.0,54354.05
1780,2017-12-22,Sold,180.1,179.75,-0.35,301,-105.35,54248.7
1781,2017-12-26,No trade,0.0,0.0,0.0,0,0.0,54248.7
1782,2017-12-27,No trade,0.0,0.0,0.0,0,0.0,54248.7
1783,2017-12-28,No trade,0.0,0.0,0.0,0,0.0,54248.7
1784,2017-12-29,Bought,0.0,0.0,0.0,0,0.0,54248.7
1785,2018-01-01,Hold,0.0,0.0,0.0,0,0.0,54248.7
1786,2018-01-02,Hold,0.0,0.0,0.0,0,0.0,54248.7
1787,2018-01-03,Sold,177.0,177.05,0.05,306,15.3,54264.0
1788,2018-01-04,No trade,0.0,0.0,0.0,0,0.0,54264.0
1789,2018-01-05,Bought,0.0,0.0,0.0,0,0.0,54264.0
1790,2018-01-08,Sold,177.5,177.65,0.15,305,45.75,54309.75
1791,2018-01-09,No trade,0.0,0.0,0.0,0,0.0,54309.75
1792,2018-01-10,No trade,0.0,0.0,0.0,0,0.0,54309.75
1793,2018-01-11,No trade,0.0,0.0,0.0,0,0.0,54309.75
1794,2018-01-12,Bought,0.0,0.0,0.0,0,0.0,54309.75
1795,2018-01-15,Hold,0.0,0.0,0.0,0,0.0,54309.75
1796,2018-01-16,Hold,0.0,0.0,0.0,0,0.0,54309.75
1797,2018-01-17,Hold,0.0,0.0,0.0,0,0.0,54309.75
1798,2018-01-18,Sold,172.5,172.15,-0.35,314,-109.9,54199.85
1799,2018-01-19,No trade,0.0,0.0,0.0,0,0.0,54199.85
1800,2018-01-22,No trade,0.0,0.0,0.0,0,0.0,54199.85
1801,2018-01-23,Bought,0.0,0.0,0.0,0,0.0,54199.85
1802,2018-01-24,Hold,0.0,0.0,0.0,0,0.0,54199.85
1803,2018-01-25,Sold,172.7,171.95,-0.75,313,-234.75,53965.1
1804,2018-01-29,No trade,0.0,0.0,0.0,0,0.0,53965.1
1805,2018-01-30,No trade,0.0,0.0,0.0,0,0.0,53965.1
1806,2018-01-31,No trade,0.0,0.0,0.0,0,0.0,53965.1
1807,2018-02-01,Bought,0.0,0.0,0.0,0,0.0,53965.1
1808,2018-02-02,Hold,0.0,0.0,0.0,0,0.0,53965.1
1809,2018-02-05,Hold,0.0,0.0,0.0,0,0.0,53965.1
1810,2018-02-06,Hold,0.0,0.0,0.0,0,0.0,53965.1
1811,2018-02-07,Hold,0.0,0.0,0.0,0,0.0,53965.1
1812,2018-02-08,Sold,169.05,163.7,-5.35,319,-1706.65,52258.45
1813,2018-02-09,No trade,0.0,0.0,0.0,0,0.0,52258.45
1814,2018-02-12,Bought,0.0,0.0,0.0,0,0.0,52258.45
1815,2018-02-14,Sold,164.9,162.95,-1.95,316,-616.2,51642.25
1816,2018-02-15,Bought,0.0,0.0,0.0,0,0.0,51642.25
1817,2018-02-16,Sold,163.2,162.8,-0.4,316,-126.4,51515.85
1818,2018-02-19,No trade,0.0,0.0,0.0,0,0.0,51515.85
1819,2018-02-20,Bought,0.0,0.0,0.0,0,0.0,51515.85
1820,2018-02-21,Sold,164.2,162.3,-1.9,313,-594.7,50921.15
1821,2018-02-22,No trade,0.0,0.0,0.0,0,0.0,50921.15
1822,2018-02-23,Bought,0.0,0.0,0.0,0,0.0,50921.15
1823,2018-02-26,Hold,0.0,0.0,0.0,0,0.0,50921.15
1824,2018-02-27,Hold,0.0,0.0,0.0,0,0.0,50921.15
1825,2018-02-28,Sold,163.55,163.25,-0.3,311,-93.3,50827.85
1826,2018-03-01,No trade,0.0,0.0,0.0,0,0.0,50827.85
1827,2018-03-05,No trade,0.0,0.0,0.0,0,0.0,50827.85
1828,2018-03-06,No trade,0.0,0.0,0.0,0,0.0,50827.85
1829,2018-03-07,Bought,0.0,0.0,0.0,0,0.0,50827.85
1830,2018-03-08,Hold,0.0,0.0,0.0,0,0.0,50827.85
1831,2018-03-09,Sold,163.5,164.4,0.9,310,279.0,51106.85
1832,2018-03-12,Bought,0.0,0.0,0.0,0,0.0,51106.85
1833,2018-03-13,Sold,171.15,169.4,-1.75,298,-521.5,50585.35
1834,2018-03-14,No trade,0.0,0.0,0.0,0,0.0,50585.35
1835,2018-03-15,No trade,0.0,0.0,0.0,0,0.0,50585.35
1836,2018-03-16,No trade,0.0,0.0,0.0,0,0.0,50585.35
1837,2018-03-19,No trade,0.0,0.0,0.0,0,0.0,50585.35
1838,2018-03-20,No trade,0.0,0.0,0.0,0,0.0,50585.35
1839,2018-03-21,Bought,0.0,0.0,0.0,0,0.0,50585.35
1840,2018-03-22,Hold,0.0,0.0,0.0,0,0.0,50585.35
1841,2018-03-23,Sold,170.35,170.05,-0.3,296,-88.8,50496.55
1842,2018-03-26,No trade,0.0,0.0,0.0,0,0.0,50496.55
1843,2018-03-27,Bought,0.0,0.0,0.0,0,0.0,50496.55
1844,2018-03-28,Sold,171.05,169.7,-1.35,295,-398.25,50098.3
1845,2018-04-02,No trade,0.0,0.0,0.0,0,0.0,50098.3
1846,2018-04-03,No trade,0.0,0.0,0.0,0,0.0,50098.3
1847,2018-04-04,No trade,0.0,0.0,0.0,0,0.0,50098.3
1848,2018-04-05,Bought,0.0,0.0,0.0,0,0.0,50098.3
1849,2018-04-06,Hold,0.0,0.0,0.0,0,0.0,50098.3
1850,2018-04-09,Hold,0.0,0.0,0.0,0,0.0,50098.3
1851,2018-04-10,Sold,168.95,168.4,-0.55,296,-162.8,49935.5
1852,2018-04-11,No trade,0.0,0.0,0.0,0,0.0,49935.5
1853,2018-04-12,Bought,0.0,0.0,0.0,0,0.0,49935.5
1854,2018-04-13,Hold,0.0,0.0,0.0,0,0.0,49935.5
1855,2018-04-16,Hold,0.0,0.0,0.0,0,0.0,49935.5
1856,2018-04-17,Hold,0.0,0.0,0.0,0,0.0,49935.5
1857,2018-04-18,Sold,169.5,178.55,9.05,294,2660.7,52596.2
1858,2018-04-19,No trade,0.0,0.0,0.0,0,0.0,52596.2
1859,2018-04-20,No trade,0.0,0.0,0.0,0,0.0,52596.2
1860,2018-04-23,No trade,0.0,0.0,0.0,0,0.0,52596.2
1861,2018-04-24,No trade,0.0,0.0,0.0,0,0.0,52596.2
1862,2018-04-25,Bought,0.0,0.0,0.0,0,0.0,52596.2
1863,2018-04-26,Hold,0.0,0.0,0.0,0,0.0,52596.2
1864,2018-04-27,Hold,0.0,0.0,0.0,0,0.0,52596.2
1865,2018-04-30,Hold,0.0,0.0,0.0,0,0.0,52596.2
1866,2018-05-02,Sold,171.85,170.4,-1.45,306,-443.7,52152.5
1867,2018-05-03,Bought,0.0,0.0,0.0,0,0.0,52152.5
1868,2018-05-04,Sold,174.3,170.9,-3.4,299,-1016.6,51135.9
1869,2018-05-07,No trade,0.0,0.0,0.0,0,0.0,51135.9
1870,2018-05-08,Bought,0.0,0.0,0.0,0,0.0,51135.9
1871,2018-05-09,Sold,171.4,170.4,-1.0,298,-298.0,50837.9
1872,2018-05-10,No trade,0.0,0.0,0.0,0,0.0,50837.9
1873,2018-05-11,No trade,0.0,0.0,0.0,0,0.0,50837.9
1874,2018-05-14,Bought,0.0,0.0,0.0,0,0.0,50837.9
1875,2018-05-15,Hold,0.0,0.0,0.0,0,0.0,50837.9
1876,2018-05-16,Hold,0.0,0.0,0.0,0,0.0,50837.9
1877,2018-05-17,Sold,171.65,167.1,-4.55,296,-1346.8,49491.1
1878,2018-05-18,No trade,0.0,0.0,0.0,0,0.0,49491.1
1879,2018-05-21,No trade,0.0,0.0,0.0,0,0.0,49491.1
1880,2018-05-22,Bought,0.0,0.0,0.0,0,0.0,49491.1
1881,2018-05-23,Hold,0.0,0.0,0.0,0,0.0,49491.1
1882,2018-05-24,Sold,165.15,165.05,-0.1,299,-29.9,49461.2
1883,2018-05-25,Bought,0.0,0.0,0.0,0,0.0,49461.2
1884,2018-05-28,Hold,0.0,0.0,0.0,0,0.0,49461.2
1885,2018-05-29,Sold,165.3,165.95,0.65,299,194.35,49655.55
1886,2018-05-30,No trade,0.0,0.0,0.0,0,0.0,49655.55
1887,2018-05-31,Bought,0.0,0.0,0.0,0,0.0,49655.55
1888,2018-06-01,Sold,167.55,164.35,-3.2,296,-947.2,48708.35
1889,2018-06-04,No trade,0.0,0.0,0.0,0,0.0,48708.35
1890,2018-06-05,No trade,0.0,0.0,0.0,0,0.0,48708.35
1891,2018-06-06,Bought,0.0,0.0,0.0,0,0.0,48708.35
1892,2018-06-07,Hold,0.0,0.0,0.0,0,0.0,48708.35
1893,2018-06-08,Hold,0.0,0.0,0.0,0,0.0,48708.35
1894,2018-06-11,Hold,0.0,0.0,0.0,0,0.0,48708.35
1895,2018-06-12,Sold,162.5,161.3,-1.2,299,-358.8,48349.55
1896,2018-06-13,No trade,0.0,0.0,0.0,0,0.0,48349.55
1897,2018-06-14,No trade,0.0,0.0,0.0,0,0.0,48349.55
1898,2018-06-15,No trade,0.0,0.0,0.0,0,0.0,48349.55
1899,2018-06-18,Bought,0.0,0.0,0.0,0,0.0,48349.55
1900,2018-06-19,Hold,0.0,0.0,0.0,0,0.0,48349.55
1901,2018-06-20,Hold,0.0,0.0,0.0,0,0.0,48349.55
1902,2018-06-21,Sold,157.0,155.25,-1.75,307,-537.25,47812.3
1903,2018-06-22,Bought,0.0,0.0,0.0,0,0.0,47812.3
1904,2018-06-25,Sold,157.3,154.65,-2.65,303,-802.95,47009.35
1905,2018-06-26,Bought,0.0,0.0,0.0,0,0.0,47009.35
1906,2018-06-27,Sold,155.6,153.8,-1.8,302,-543.6,46465.75
1907,2018-06-28,Bought,0.0,0.0,0.0,0,0.0,46465.75
1908,2018-06-29,Hold,0.0,0.0,0.0,0,0.0,46465.75
1909,2018-07-02,Sold,156.4,153.55,-2.85,297,-846.45,45619.3
1910,2018-07-03,No trade,0.0,0.0,0.0,0,0.0,45619.3
1911,2018-07-04,No trade,0.0,0.0,0.0,0,0.0,45619.3
1912,2018-07-05,No trade,0.0,0.0,0.0,0,0.0,45619.3
1913,2018-07-06,No trade,0.0,0.0,0.0,0,0.0,45619.3
1914,2018-07-09,Bought,0.0,0.0,0.0,0,0.0,45619.3
1915,2018-07-10,Hold,0.0,0.0,0.0,0,0.0,45619.3
1916,2018-07-11,Hold,0.0,0.0,0.0,0,0.0,45619.3
1917,2018-07-12,Hold,0.0,0.0,0.0,0,0.0,45619.3
1918,2018-07-13,Sold,151.25,152.95,1.7,301,511.7,46131.0
1919,2018-07-16,Bought,0.0,0.0,0.0,0,0.0,46131.0
1920,2018-07-17,Sold,155.6,155.3,-0.3,296,-88.8,46042.2
1921,2018-07-18,No trade,0.0,0.0,0.0,0,0.0,46042.2
1922,2018-07-19,No trade,0.0,0.0,0.0,0,0.0,46042.2
1923,2018-07-20,Bought,0.0,0.0,0.0,0,0.0,46042.2
1924,2018-07-23,Hold,0.0,0.0,0.0,0,0.0,46042.2
1925,2018-07-24,Sold,155.65,157.45,1.8,295,531.0,46573.2
1926,2018-07-25,No trade,0.0,0.0,0.0,0,0.0,46573.2
1927,2018-07-26,No trade,0.0,0.0,0.0,0,0.0,46573.2
1928,2018-07-27,Bought,0.0,0.0,0.0,0,0.0,46573.2
1929,2018-07-30,Hold,0.0,0.0,0.0,0,0.0,46573.2
1930,2018-07-31,Hold,0.0,0.0,0.0,0,0.0,46573.2
1931,2018-08-01,Hold,0.0,0.0,0.0,0,0.0,46573.2
1932,2018-08-02,Sold,154.95,155.4,0.45,300,135.0,46708.2
1933,2018-08-03,Bought,0.0,0.0,0.0,0,0.0,46708.2
1934,2018-08-06,Hold,0.0,0.0,0.0,0,0.0,46708.2
1935,2018-08-07,Hold,0.0,0.0,0.0,0,0.0,46708.2
1936,2018-08-08,Sold,156.45,158.25,1.8,298,536.4,47244.6
1937,2018-08-09,Bought,0.0,0.0,0.0,0,0.0,47244.6
1938,2018-08-10,Sold,160.7,159.55,-1.15,293,-336.95,46907.65
1939,2018-08-13,No trade,0.0,0.0,0.0,0,0.0,46907.65
1940,2018-08-14,No trade,0.0,0.0,0.0,0,0.0,46907.65
1941,2018-08-16,Bought,0.0,0.0,0.0,0,0.0,46907.65
1942,2018-08-17,Hold,0.0,0.0,0.0,0,0.0,46907.65
1943,2018-08-20,Hold,0.0,0.0,0.0,0,0.0,46907.65
1944,2018-08-21,Hold,0.0,0.0,0.0,0,0.0,46907.65
1945,2018-08-23,Hold,0.0,0.0,0.0,0,0.0,46907.65
1946,2018-08-24,Sold,158.55,164.3,5.75,295,1696.25,48603.9
1947,2018-08-27,No trade,0.0,0.0,0.0,0,0.0,48603.9
1948,2018-08-28,No trade,0.0,0.0,0.0,0,0.0,48603.9
1949,2018-08-29,No trade,0.0,0.0,0.0,0,0.0,48603.9
1950,2018-08-30,Bought,0.0,0.0,0.0,0,0.0,48603.9
1951,2018-08-31,Hold,0.0,0.0,0.0,0,0.0,48603.9
1952,2018-09-03,Sold,169.7,169.5,-0.2,286,-57.2,48546.7
1953,2018-09-04,No trade,0.0,0.0,0.0,0,0.0,48546.7
1954,2018-09-05,No trade,0.0,0.0,0.0,0,0.0,48546.7
1955,2018-09-06,Bought,0.0,0.0,0.0,0,0.0,48546.7
1956,2018-09-07,Hold,0.0,0.0,0.0,0,0.0,48546.7
1957,2018-09-10,Hold,0.0,0.0,0.0,0,0.0,48546.7
1958,2018-09-11,Hold,0.0,0.0,0.0,0,0.0,48546.7
1959,2018-09-12,Hold,0.0,0.0,0.0,0,0.0,48546.7
1960,2018-09-14,Hold,0.0,0.0,0.0,0,0.0,48546.7
1961,2018-09-17,Sold,168.9,172.25,3.35,287,961.45,49508.15
1962,2018-09-18,No trade,0.0,0.0,0.0,0,0.0,49508.15
1963,2018-09-19,No trade,0.0,0.0,0.0,0,0.0,49508.15
1964,2018-09-21,No trade,0.0,0.0,0.0,0,0.0,49508.15
1965,2018-09-24,Bought,0.0,0.0,0.0,0,0.0,49508.15
1966,2018-09-25,Hold,0.0,0.0,0.0,0,0.0,49508.15
1967,2018-09-26,Sold,167.9,167.8,-0.1,294,-29.4,49478.75
1968,2018-09-27,No trade,0.0,0.0,0.0,0,0.0,49478.75
1969,2018-09-28,No trade,0.0,0.0,0.0,0,0.0,49478.75
1970,2018-10-01,Bought,0.0,0.0,0.0,0,0.0,49478.75
